dataset,frame,sweep,level_m,voxel_size,distance_threshold,eps,min_points,seed,max_forward,half_width,n_input,n_invalid_xyz,n_roi,n_voxel,n_removed,n_obstacle,n_noise,n_clusters,nearest_m,median_length_m,median_width_m,median_height_m,latency_p50_ms,latency_p95_ms,repeats,plane_a,plane_b,plane_c,plane_d
kitti_mini,000008,eps,0.3,0.15,0.1,0.3,10,42,40.0,15.0,122555,0,51833,13901,2885,11016,2160,74,2.7491543360778707,0.7675000429153442,0.6805004278818765,0.5557499788701534,103.12530000010156,133.23751999778324,20,-0.015261794625347883,-0.027535456331638893,0.9995043152830417,1.747817440875239
kitti_mini,000008,eps,0.5,0.15,0.1,0.5,10,42,40.0,15.0,122555,0,51833,13901,2885,11016,516,34,2.7491543360778707,0.9760007858276367,1.2775000929832458,1.033500000834465,166.32769999887387,219.61114000059757,20,-0.015261794625347883,-0.027535456331638893,0.9995043152830417,1.747817440875239
kitti_mini,000008,eps,0.8,0.15,0.1,0.8,10,42,40.0,15.0,122555,0,51833,13901,2885,11016,78,19,1.89262624501338,2.0314998626708984,1.9075000286102295,1.1660000085830688,275.6724999999278,330.4770000006102,20,-0.015261794625347883,-0.027535456331638893,0.9995043152830417,1.747817440875239
kitti_mini,000008,distance_threshold,0.05,0.15,0.05,0.5,10,42,40.0,15.0,122555,0,51833,13901,2338,11563,538,32,1.89262624501338,0.9119997024536133,1.1875001192092896,1.0150000005960464,168.88469999867084,198.9766199982114,20,-0.01678191546976645,-0.02872586252398491,0.9994464428549531,1.7691805634378244
kitti_mini,000008,distance_threshold,0.1,0.15,0.1,0.5,10,42,40.0,15.0,122555,0,51833,13901,2885,11016,516,34,2.7491543360778707,0.9760007858276367,1.2775000929832458,1.033500000834465,154.05405000092287,177.20927999944251,20,-0.015261794625347883,-0.027535456331638893,0.9995043152830417,1.747817440875239
kitti_mini,000008,distance_threshold,0.3,0.15,0.3,0.5,10,42,40.0,15.0,122555,0,51833,13901,4725,9176,383,39,2.753637270145321,1.0170021057128906,1.3320000171661377,1.0139999985694885,151.54329999859328,181.75256000267836,20,-0.025495028679594908,-0.06629461073775712,0.9974743245315921,1.6871628577995275
kitti_mini,000011,eps,0.3,0.15,0.1,0.3,10,42,40.0,15.0,108004,0,49631,12491,5871,6620,1480,57,2.4003012672198327,0.4329986572265625,0.41900062561035156,0.5049999952316284,85.35269999993034,100.1660299996729,20,-0.014321661171704053,0.029582719792831523,0.9994597304098559,1.7279331931781408
kitti_mini,000011,eps,0.5,0.15,0.1,0.5,10,42,40.0,15.0,108004,0,49631,12491,5871,6620,357,39,2.31572197704594,0.4739995002746582,0.5630006790161133,0.9280000030994415,93.74394999940705,115.34984999943845,20,-0.014321661171704053,0.029582719792831523,0.9994597304098559,1.7279331931781408
kitti_mini,000011,eps,0.8,0.15,0.1,0.8,10,42,40.0,15.0,108004,0,49631,12491,5871,6620,141,34,2.31572197704594,0.4337501525878906,0.43849984804789255,0.9169999919831753,129.52734999998938,164.21103999891784,20,-0.014321661171704053,0.029582719792831523,0.9994597304098559,1.7279331931781408
kitti_mini,000011,distance_threshold,0.05,0.15,0.05,0.5,10,42,40.0,15.0,108004,0,49631,12491,4968,7523,593,41,2.31572197704594,0.5784997940063477,0.6129999160766602,0.9169999957084656,99.17480000149226,118.58409499982373,20,-0.01360701958816564,0.029376859902457357,0.9994757871605489,1.7260424669872116
kitti_mini,000011,distance_threshold,0.1,0.15,0.1,0.5,10,42,40.0,15.0,108004,0,49631,12491,5871,6620,357,39,2.31572197704594,0.4739995002746582,0.5630006790161133,0.9280000030994415,57.52310000025318,71.87952499971288,20,-0.014321661171704053,0.029582719792831523,0.9994597304098559,1.7279331931781408
kitti_mini,000011,distance_threshold,0.3,0.15,0.3,0.5,10,42,40.0,15.0,108004,0,49631,12491,6593,5898,279,36,2.31572197704594,0.47549939155578613,0.5717500448226929,0.93450000975281,56.173250000938424,67.47838499868521,20,-0.01380068425758647,0.029478593281139207,0.9994701364484022,1.7042262614877857
kitti_mini,000049,eps,0.3,0.15,0.1,0.3,10,42,40.0,15.0,113691,0,41760,10246,3564,6682,1494,50,2.6175897233625616,0.6710006395975752,0.5757502317428589,0.5630833233396213,41.26075000021956,50.29386499827524,20,-0.01672020781878181,-0.023139773154968544,0.9995924097094943,1.7777785243636721
kitti_mini,000049,eps,0.5,0.15,0.1,0.5,10,42,40.0,15.0,113691,0,41760,10246,3564,6682,377,44,2.6175897233625616,1.1608336766560878,1.1014999151229858,1.1672500250861049,72.32189999922412,84.2235600010099,20,-0.01672020781878181,-0.023139773154968544,0.9995924097094943,1.7777785243636721
kitti_mini,000049,eps,0.8,0.15,0.1,0.8,10,42,40.0,15.0,113691,0,41760,10246,3564,6682,120,39,2.6175897233625616,1.9208571570260187,1.5490002632141113,1.225999966263771,98.76140000051237,148.34313500159624,20,-0.01672020781878181,-0.023139773154968544,0.9995924097094943,1.7777785243636721
kitti_mini,000049,distance_threshold,0.05,0.15,0.05,0.5,10,42,40.0,15.0,113691,0,41760,10246,3115,7131,453,48,2.4379415595170237,1.0352497100830078,1.0394999980926514,0.9652499854564667,77.7946999987762,101.88774499929424,20,-0.015860945736639452,-0.02500139255186031,0.9995615842812324,1.7771709885973908
kitti_mini,000049,distance_threshold,0.1,0.15,0.1,0.5,10,42,40.0,15.0,113691,0,41760,10246,3564,6682,377,44,2.6175897233625616,1.1608336766560878,1.1014999151229858,1.1672500250861049,69.47374999981548,90.0621599988881,20,-0.01672020781878181,-0.023139773154968544,0.9995924097094943,1.7777785243636721
kitti_mini,000049,distance_threshold,0.3,0.15,0.3,0.5,10,42,40.0,15.0,113691,0,41760,10246,4652,5594,334,41,2.6175897233625616,1.031498908996582,1.003000259399414,1.0050000324845314,47.78154999985418,61.98590500134742,20,-0.014836094153947908,-0.02908385861738619,0.9994668676240245,1.7076794021935104
