dataset,frame,sweep,level_m,voxel_size,distance_threshold,eps,min_points,seed,max_forward,half_width,object_index,class,distance_cam_m,n_gt_voxel,n_gt_retained,n_gt_clustered,dominant_cluster,dominant_points
kitti_mini,000008,eps,0.3,0.15,0.1,0.3,10,42,40.0,15.0,0,Car,4.5642524031871865,465,366,346,14,346
kitti_mini,000008,eps,0.3,0.15,0.1,0.3,10,42,40.0,15.0,1,Car,7.946603047843777,473,375,345,18,320
kitti_mini,000008,eps,0.3,0.15,0.1,0.3,10,42,40.0,15.0,2,Car,7.2345421416977045,191,183,107,21,107
kitti_mini,000008,eps,0.3,0.15,0.1,0.3,10,42,40.0,15.0,3,Car,14.479589082567225,296,281,231,25,178
kitti_mini,000008,eps,0.3,0.15,0.1,0.3,10,42,40.0,15.0,4,Car,33.98025308911045,47,46,0,-1,0
kitti_mini,000008,eps,0.3,0.15,0.1,0.3,10,42,40.0,15.0,5,Car,21.686677938310424,88,87,70,45,70
kitti_mini,000008,eps,0.5,0.15,0.1,0.5,10,42,40.0,15.0,0,Car,4.5642524031871865,465,366,358,10,358
kitti_mini,000008,eps,0.5,0.15,0.1,0.5,10,42,40.0,15.0,1,Car,7.946603047843777,473,375,375,13,375
kitti_mini,000008,eps,0.5,0.15,0.1,0.5,10,42,40.0,15.0,2,Car,7.2345421416977045,191,183,174,7,174
kitti_mini,000008,eps,0.5,0.15,0.1,0.5,10,42,40.0,15.0,3,Car,14.479589082567225,296,281,280,6,280
kitti_mini,000008,eps,0.5,0.15,0.1,0.5,10,42,40.0,15.0,4,Car,33.98025308911045,47,46,29,22,29
kitti_mini,000008,eps,0.5,0.15,0.1,0.5,10,42,40.0,15.0,5,Car,21.686677938310424,88,87,86,16,86
kitti_mini,000008,eps,0.8,0.15,0.1,0.8,10,42,40.0,15.0,0,Car,4.5642524031871865,465,366,366,2,366
kitti_mini,000008,eps,0.8,0.15,0.1,0.8,10,42,40.0,15.0,1,Car,7.946603047843777,473,375,375,8,375
kitti_mini,000008,eps,0.8,0.15,0.1,0.8,10,42,40.0,15.0,2,Car,7.2345421416977045,191,183,182,5,182
kitti_mini,000008,eps,0.8,0.15,0.1,0.8,10,42,40.0,15.0,3,Car,14.479589082567225,296,281,281,4,281
kitti_mini,000008,eps,0.8,0.15,0.1,0.8,10,42,40.0,15.0,4,Car,33.98025308911045,47,46,41,11,41
kitti_mini,000008,eps,0.8,0.15,0.1,0.8,10,42,40.0,15.0,5,Car,21.686677938310424,88,87,86,10,86
kitti_mini,000008,distance_threshold,0.05,0.15,0.05,0.5,10,42,40.0,15.0,0,Car,4.5642524031871865,465,382,374,1,374
kitti_mini,000008,distance_threshold,0.05,0.15,0.05,0.5,10,42,40.0,15.0,1,Car,7.946603047843777,473,392,392,7,392
kitti_mini,000008,distance_threshold,0.05,0.15,0.05,0.5,10,42,40.0,15.0,2,Car,7.2345421416977045,191,191,182,0,182
kitti_mini,000008,distance_threshold,0.05,0.15,0.05,0.5,10,42,40.0,15.0,3,Car,14.479589082567225,296,296,296,6,296
kitti_mini,000008,distance_threshold,0.05,0.15,0.05,0.5,10,42,40.0,15.0,4,Car,33.98025308911045,47,47,29,20,29
kitti_mini,000008,distance_threshold,0.05,0.15,0.05,0.5,10,42,40.0,15.0,5,Car,21.686677938310424,88,87,86,14,86
kitti_mini,000008,distance_threshold,0.1,0.15,0.1,0.5,10,42,40.0,15.0,0,Car,4.5642524031871865,465,366,358,10,358
kitti_mini,000008,distance_threshold,0.1,0.15,0.1,0.5,10,42,40.0,15.0,1,Car,7.946603047843777,473,375,375,13,375
kitti_mini,000008,distance_threshold,0.1,0.15,0.1,0.5,10,42,40.0,15.0,2,Car,7.2345421416977045,191,183,174,7,174
kitti_mini,000008,distance_threshold,0.1,0.15,0.1,0.5,10,42,40.0,15.0,3,Car,14.479589082567225,296,281,280,6,280
kitti_mini,000008,distance_threshold,0.1,0.15,0.1,0.5,10,42,40.0,15.0,4,Car,33.98025308911045,47,46,29,22,29
kitti_mini,000008,distance_threshold,0.1,0.15,0.1,0.5,10,42,40.0,15.0,5,Car,21.686677938310424,88,87,86,16,86
kitti_mini,000008,distance_threshold,0.3,0.15,0.3,0.5,10,42,40.0,15.0,0,Car,4.5642524031871865,465,274,266,12,266
kitti_mini,000008,distance_threshold,0.3,0.15,0.3,0.5,10,42,40.0,15.0,1,Car,7.946603047843777,473,291,291,22,291
kitti_mini,000008,distance_threshold,0.3,0.15,0.3,0.5,10,42,40.0,15.0,2,Car,7.2345421416977045,191,155,145,18,130
kitti_mini,000008,distance_threshold,0.3,0.15,0.3,0.5,10,42,40.0,15.0,3,Car,14.479589082567225,296,218,218,5,218
kitti_mini,000008,distance_threshold,0.3,0.15,0.3,0.5,10,42,40.0,15.0,4,Car,33.98025308911045,47,29,27,27,27
kitti_mini,000008,distance_threshold,0.3,0.15,0.3,0.5,10,42,40.0,15.0,5,Car,21.686677938310424,88,78,77,20,77
kitti_mini,000011,eps,0.3,0.15,0.1,0.3,10,42,40.0,15.0,0,Pedestrian,13.41118935814419,66,61,61,7,61
kitti_mini,000011,eps,0.3,0.15,0.1,0.3,10,42,40.0,15.0,1,Pedestrian,14.482447997489928,19,13,0,-1,0
kitti_mini,000011,eps,0.3,0.15,0.1,0.3,10,42,40.0,15.0,2,Car,27.095979406546647,157,130,57,13,57
kitti_mini,000011,eps,0.3,0.15,0.1,0.3,10,42,40.0,15.0,3,Pedestrian,34.150935565515624,32,28,0,-1,0
kitti_mini,000011,eps,0.3,0.15,0.1,0.3,10,42,40.0,15.0,4,Car,6.578092428660455,546,466,449,4,414
kitti_mini,000011,eps,0.3,0.15,0.1,0.3,10,42,40.0,15.0,5,Pedestrian,17.808113319495696,43,38,38,27,38
kitti_mini,000011,eps,0.5,0.15,0.1,0.5,10,42,40.0,15.0,0,Pedestrian,13.41118935814419,66,61,61,6,61
kitti_mini,000011,eps,0.5,0.15,0.1,0.5,10,42,40.0,15.0,1,Pedestrian,14.482447997489928,19,13,1,6,1
kitti_mini,000011,eps,0.5,0.15,0.1,0.5,10,42,40.0,15.0,2,Car,27.095979406546647,157,130,112,13,112
kitti_mini,000011,eps,0.5,0.15,0.1,0.5,10,42,40.0,15.0,3,Pedestrian,34.150935565515624,32,28,28,17,28
kitti_mini,000011,eps,0.5,0.15,0.1,0.5,10,42,40.0,15.0,4,Car,6.578092428660455,546,466,466,5,466
kitti_mini,000011,eps,0.5,0.15,0.1,0.5,10,42,40.0,15.0,5,Pedestrian,17.808113319495696,43,38,38,8,38
kitti_mini,000011,eps,0.8,0.15,0.1,0.8,10,42,40.0,15.0,0,Pedestrian,13.41118935814419,66,61,61,5,61
kitti_mini,000011,eps,0.8,0.15,0.1,0.8,10,42,40.0,15.0,1,Pedestrian,14.482447997489928,19,13,13,5,13
kitti_mini,000011,eps,0.8,0.15,0.1,0.8,10,42,40.0,15.0,2,Car,27.095979406546647,157,130,130,9,130
kitti_mini,000011,eps,0.8,0.15,0.1,0.8,10,42,40.0,15.0,3,Pedestrian,34.150935565515624,32,28,28,13,28
kitti_mini,000011,eps,0.8,0.15,0.1,0.8,10,42,40.0,15.0,4,Car,6.578092428660455,546,466,466,4,466
kitti_mini,000011,eps,0.8,0.15,0.1,0.8,10,42,40.0,15.0,5,Pedestrian,17.808113319495696,43,38,38,2,38
kitti_mini,000011,distance_threshold,0.05,0.15,0.05,0.5,10,42,40.0,15.0,0,Pedestrian,13.41118935814419,66,62,62,6,62
kitti_mini,000011,distance_threshold,0.05,0.15,0.05,0.5,10,42,40.0,15.0,1,Pedestrian,14.482447997489928,19,13,1,6,1
kitti_mini,000011,distance_threshold,0.05,0.15,0.05,0.5,10,42,40.0,15.0,2,Car,27.095979406546647,157,134,115,12,115
kitti_mini,000011,distance_threshold,0.05,0.15,0.05,0.5,10,42,40.0,15.0,3,Pedestrian,34.150935565515624,32,32,32,17,32
kitti_mini,000011,distance_threshold,0.05,0.15,0.05,0.5,10,42,40.0,15.0,4,Car,6.578092428660455,546,474,474,5,474
kitti_mini,000011,distance_threshold,0.05,0.15,0.05,0.5,10,42,40.0,15.0,5,Pedestrian,17.808113319495696,43,41,41,2,41
kitti_mini,000011,distance_threshold,0.1,0.15,0.1,0.5,10,42,40.0,15.0,0,Pedestrian,13.41118935814419,66,61,61,6,61
kitti_mini,000011,distance_threshold,0.1,0.15,0.1,0.5,10,42,40.0,15.0,1,Pedestrian,14.482447997489928,19,13,1,6,1
kitti_mini,000011,distance_threshold,0.1,0.15,0.1,0.5,10,42,40.0,15.0,2,Car,27.095979406546647,157,130,112,13,112
kitti_mini,000011,distance_threshold,0.1,0.15,0.1,0.5,10,42,40.0,15.0,3,Pedestrian,34.150935565515624,32,28,28,17,28
kitti_mini,000011,distance_threshold,0.1,0.15,0.1,0.5,10,42,40.0,15.0,4,Car,6.578092428660455,546,466,466,5,466
kitti_mini,000011,distance_threshold,0.1,0.15,0.1,0.5,10,42,40.0,15.0,5,Pedestrian,17.808113319495696,43,38,38,8,38
kitti_mini,000011,distance_threshold,0.3,0.15,0.3,0.5,10,42,40.0,15.0,0,Pedestrian,13.41118935814419,66,52,52,6,52
kitti_mini,000011,distance_threshold,0.3,0.15,0.3,0.5,10,42,40.0,15.0,1,Pedestrian,14.482447997489928,19,9,1,6,1
kitti_mini,000011,distance_threshold,0.3,0.15,0.3,0.5,10,42,40.0,15.0,2,Car,27.095979406546647,157,111,96,12,96
kitti_mini,000011,distance_threshold,0.3,0.15,0.3,0.5,10,42,40.0,15.0,3,Pedestrian,34.150935565515624,32,24,24,29,24
kitti_mini,000011,distance_threshold,0.3,0.15,0.3,0.5,10,42,40.0,15.0,4,Car,6.578092428660455,546,401,401,5,401
kitti_mini,000011,distance_threshold,0.3,0.15,0.3,0.5,10,42,40.0,15.0,5,Pedestrian,17.808113319495696,43,36,36,25,36
kitti_mini,000049,eps,0.3,0.15,0.1,0.3,10,42,40.0,15.0,0,Car,21.55469786380686,120,118,79,15,79
kitti_mini,000049,eps,0.3,0.15,0.1,0.3,10,42,40.0,15.0,1,Car,14.348257733955018,345,320,311,2,311
kitti_mini,000049,eps,0.3,0.15,0.1,0.3,10,42,40.0,15.0,2,Car,22.289344988132783,92,91,62,3,62
kitti_mini,000049,eps,0.3,0.15,0.1,0.3,10,42,40.0,15.0,3,Car,25.20128964953976,59,54,31,27,31
kitti_mini,000049,eps,0.3,0.15,0.1,0.3,10,42,40.0,15.0,4,Car,32.78124006196227,16,16,0,-1,0
kitti_mini,000049,eps,0.3,0.15,0.1,0.3,10,42,40.0,15.0,5,Van,45.86104665181553,0,0,0,-1,0
kitti_mini,000049,eps,0.3,0.15,0.1,0.3,10,42,40.0,15.0,6,Pedestrian,5.464155927496945,86,83,83,7,83
kitti_mini,000049,eps,0.3,0.15,0.1,0.3,10,42,40.0,15.0,7,Car,10.398389298348086,217,209,186,11,154
kitti_mini,000049,eps,0.3,0.15,0.1,0.3,10,42,40.0,15.0,8,Car,15.44416070882455,211,206,177,22,160
kitti_mini,000049,eps,0.3,0.15,0.1,0.3,10,42,40.0,15.0,9,Car,20.644311565174558,152,137,56,14,56
kitti_mini,000049,eps,0.3,0.15,0.1,0.3,10,42,40.0,15.0,10,Pedestrian,32.79,38,31,21,37,21
kitti_mini,000049,eps,0.3,0.15,0.1,0.3,10,42,40.0,15.0,11,Car,33.246186247447994,55,55,17,24,17
kitti_mini,000049,eps,0.3,0.15,0.1,0.3,10,42,40.0,15.0,12,Car,14.42238537829301,172,171,119,12,96
kitti_mini,000049,eps,0.3,0.15,0.1,0.3,10,42,40.0,15.0,13,Car,19.022000420565657,183,182,136,13,136
kitti_mini,000049,eps,0.3,0.15,0.1,0.3,10,42,40.0,15.0,14,Car,35.67424000592024,2,2,0,-1,0
kitti_mini,000049,eps,0.3,0.15,0.1,0.3,10,42,40.0,15.0,15,Car,23.202450301638404,7,7,0,-1,0
kitti_mini,000049,eps,0.3,0.15,0.1,0.3,10,42,40.0,15.0,16,Van,35.570551021877634,106,106,41,20,41
kitti_mini,000049,eps,0.3,0.15,0.1,0.3,10,42,40.0,15.0,17,Car,22.381387356462064,41,41,0,-1,0
kitti_mini,000049,eps,0.5,0.15,0.1,0.5,10,42,40.0,15.0,0,Car,21.55469786380686,120,118,113,4,113
kitti_mini,000049,eps,0.5,0.15,0.1,0.5,10,42,40.0,15.0,1,Car,14.348257733955018,345,320,317,2,317
kitti_mini,000049,eps,0.5,0.15,0.1,0.5,10,42,40.0,15.0,2,Car,22.289344988132783,92,91,80,3,80
kitti_mini,000049,eps,0.5,0.15,0.1,0.5,10,42,40.0,15.0,3,Car,25.20128964953976,59,54,43,34,43
kitti_mini,000049,eps,0.5,0.15,0.1,0.5,10,42,40.0,15.0,4,Car,32.78124006196227,16,16,16,19,16
kitti_mini,000049,eps,0.5,0.15,0.1,0.5,10,42,40.0,15.0,5,Van,45.86104665181553,0,0,0,-1,0
kitti_mini,000049,eps,0.5,0.15,0.1,0.5,10,42,40.0,15.0,6,Pedestrian,5.464155927496945,86,83,83,14,83
kitti_mini,000049,eps,0.5,0.15,0.1,0.5,10,42,40.0,15.0,7,Car,10.398389298348086,217,209,208,17,208
kitti_mini,000049,eps,0.5,0.15,0.1,0.5,10,42,40.0,15.0,8,Car,15.44416070882455,211,206,206,25,206
kitti_mini,000049,eps,0.5,0.15,0.1,0.5,10,42,40.0,15.0,9,Car,20.644311565174558,152,137,129,11,129
kitti_mini,000049,eps,0.5,0.15,0.1,0.5,10,42,40.0,15.0,10,Pedestrian,32.79,38,31,31,39,31
kitti_mini,000049,eps,0.5,0.15,0.1,0.5,10,42,40.0,15.0,11,Car,33.246186247447994,55,55,49,28,49
kitti_mini,000049,eps,0.5,0.15,0.1,0.5,10,42,40.0,15.0,12,Car,14.42238537829301,172,171,167,18,143
kitti_mini,000049,eps,0.5,0.15,0.1,0.5,10,42,40.0,15.0,13,Car,19.022000420565657,183,182,182,20,182
kitti_mini,000049,eps,0.5,0.15,0.1,0.5,10,42,40.0,15.0,14,Car,35.67424000592024,2,2,0,-1,0
kitti_mini,000049,eps,0.5,0.15,0.1,0.5,10,42,40.0,15.0,15,Car,23.202450301638404,7,7,0,-1,0
kitti_mini,000049,eps,0.5,0.15,0.1,0.5,10,42,40.0,15.0,16,Van,35.570551021877634,106,106,98,8,82
kitti_mini,000049,eps,0.5,0.15,0.1,0.5,10,42,40.0,15.0,17,Car,22.381387356462064,41,41,22,35,12
kitti_mini,000049,eps,0.8,0.15,0.1,0.8,10,42,40.0,15.0,0,Car,21.55469786380686,120,118,116,6,116
kitti_mini,000049,eps,0.8,0.15,0.1,0.8,10,42,40.0,15.0,1,Car,14.348257733955018,345,320,318,3,318
kitti_mini,000049,eps,0.8,0.15,0.1,0.8,10,42,40.0,15.0,2,Car,22.289344988132783,92,91,91,5,91
kitti_mini,000049,eps,0.8,0.15,0.1,0.8,10,42,40.0,15.0,3,Car,25.20128964953976,59,54,54,27,54
kitti_mini,000049,eps,0.8,0.15,0.1,0.8,10,42,40.0,15.0,4,Car,32.78124006196227,16,16,16,20,16
kitti_mini,000049,eps,0.8,0.15,0.1,0.8,10,42,40.0,15.0,5,Van,45.86104665181553,0,0,0,-1,0
kitti_mini,000049,eps,0.8,0.15,0.1,0.8,10,42,40.0,15.0,6,Pedestrian,5.464155927496945,86,83,83,15,83
kitti_mini,000049,eps,0.8,0.15,0.1,0.8,10,42,40.0,15.0,7,Car,10.398389298348086,217,209,208,17,208
kitti_mini,000049,eps,0.8,0.15,0.1,0.8,10,42,40.0,15.0,8,Car,15.44416070882455,211,206,206,29,206
kitti_mini,000049,eps,0.8,0.15,0.1,0.8,10,42,40.0,15.0,9,Car,20.644311565174558,152,137,133,0,133
kitti_mini,000049,eps,0.8,0.15,0.1,0.8,10,42,40.0,15.0,10,Pedestrian,32.79,38,31,31,38,31
kitti_mini,000049,eps,0.8,0.15,0.1,0.8,10,42,40.0,15.0,11,Car,33.246186247447994,55,55,55,30,55
kitti_mini,000049,eps,0.8,0.15,0.1,0.8,10,42,40.0,15.0,12,Car,14.42238537829301,172,171,171,19,147
kitti_mini,000049,eps,0.8,0.15,0.1,0.8,10,42,40.0,15.0,13,Car,19.022000420565657,183,182,182,21,182
kitti_mini,000049,eps,0.8,0.15,0.1,0.8,10,42,40.0,15.0,14,Car,35.67424000592024,2,2,0,-1,0
kitti_mini,000049,eps,0.8,0.15,0.1,0.8,10,42,40.0,15.0,15,Car,23.202450301638404,7,7,5,28,5
kitti_mini,000049,eps,0.8,0.15,0.1,0.8,10,42,40.0,15.0,16,Van,35.570551021877634,106,106,106,10,106
kitti_mini,000049,eps,0.8,0.15,0.1,0.8,10,42,40.0,15.0,17,Car,22.381387356462064,41,41,41,24,41
kitti_mini,000049,distance_threshold,0.05,0.15,0.05,0.5,10,42,40.0,15.0,0,Car,21.55469786380686,120,120,115,4,115
kitti_mini,000049,distance_threshold,0.05,0.15,0.05,0.5,10,42,40.0,15.0,1,Car,14.348257733955018,345,328,323,2,323
kitti_mini,000049,distance_threshold,0.05,0.15,0.05,0.5,10,42,40.0,15.0,2,Car,22.289344988132783,92,92,81,3,81
kitti_mini,000049,distance_threshold,0.05,0.15,0.05,0.5,10,42,40.0,15.0,3,Car,25.20128964953976,59,56,45,35,45
kitti_mini,000049,distance_threshold,0.05,0.15,0.05,0.5,10,42,40.0,15.0,4,Car,32.78124006196227,16,16,16,17,16
kitti_mini,000049,distance_threshold,0.05,0.15,0.05,0.5,10,42,40.0,15.0,5,Van,45.86104665181553,0,0,0,-1,0
kitti_mini,000049,distance_threshold,0.05,0.15,0.05,0.5,10,42,40.0,15.0,6,Pedestrian,5.464155927496945,86,86,86,13,86
kitti_mini,000049,distance_threshold,0.05,0.15,0.05,0.5,10,42,40.0,15.0,7,Car,10.398389298348086,217,217,216,15,216
kitti_mini,000049,distance_threshold,0.05,0.15,0.05,0.5,10,42,40.0,15.0,8,Car,15.44416070882455,211,210,210,23,210
kitti_mini,000049,distance_threshold,0.05,0.15,0.05,0.5,10,42,40.0,15.0,9,Car,20.644311565174558,152,141,133,10,133
kitti_mini,000049,distance_threshold,0.05,0.15,0.05,0.5,10,42,40.0,15.0,10,Pedestrian,32.79,38,38,38,30,38
kitti_mini,000049,distance_threshold,0.05,0.15,0.05,0.5,10,42,40.0,15.0,11,Car,33.246186247447994,55,55,49,27,49
kitti_mini,000049,distance_threshold,0.05,0.15,0.05,0.5,10,42,40.0,15.0,12,Car,14.42238537829301,172,172,168,16,143
kitti_mini,000049,distance_threshold,0.05,0.15,0.05,0.5,10,42,40.0,15.0,13,Car,19.022000420565657,183,183,183,18,183
kitti_mini,000049,distance_threshold,0.05,0.15,0.05,0.5,10,42,40.0,15.0,14,Car,35.67424000592024,2,2,0,-1,0
kitti_mini,000049,distance_threshold,0.05,0.15,0.05,0.5,10,42,40.0,15.0,15,Car,23.202450301638404,7,7,0,-1,0
kitti_mini,000049,distance_threshold,0.05,0.15,0.05,0.5,10,42,40.0,15.0,16,Van,35.570551021877634,106,106,98,7,82
kitti_mini,000049,distance_threshold,0.05,0.15,0.05,0.5,10,42,40.0,15.0,17,Car,22.381387356462064,41,41,22,36,12
kitti_mini,000049,distance_threshold,0.1,0.15,0.1,0.5,10,42,40.0,15.0,0,Car,21.55469786380686,120,118,113,4,113
kitti_mini,000049,distance_threshold,0.1,0.15,0.1,0.5,10,42,40.0,15.0,1,Car,14.348257733955018,345,320,317,2,317
kitti_mini,000049,distance_threshold,0.1,0.15,0.1,0.5,10,42,40.0,15.0,2,Car,22.289344988132783,92,91,80,3,80
kitti_mini,000049,distance_threshold,0.1,0.15,0.1,0.5,10,42,40.0,15.0,3,Car,25.20128964953976,59,54,43,34,43
kitti_mini,000049,distance_threshold,0.1,0.15,0.1,0.5,10,42,40.0,15.0,4,Car,32.78124006196227,16,16,16,19,16
kitti_mini,000049,distance_threshold,0.1,0.15,0.1,0.5,10,42,40.0,15.0,5,Van,45.86104665181553,0,0,0,-1,0
kitti_mini,000049,distance_threshold,0.1,0.15,0.1,0.5,10,42,40.0,15.0,6,Pedestrian,5.464155927496945,86,83,83,14,83
kitti_mini,000049,distance_threshold,0.1,0.15,0.1,0.5,10,42,40.0,15.0,7,Car,10.398389298348086,217,209,208,17,208
kitti_mini,000049,distance_threshold,0.1,0.15,0.1,0.5,10,42,40.0,15.0,8,Car,15.44416070882455,211,206,206,25,206
kitti_mini,000049,distance_threshold,0.1,0.15,0.1,0.5,10,42,40.0,15.0,9,Car,20.644311565174558,152,137,129,11,129
kitti_mini,000049,distance_threshold,0.1,0.15,0.1,0.5,10,42,40.0,15.0,10,Pedestrian,32.79,38,31,31,39,31
kitti_mini,000049,distance_threshold,0.1,0.15,0.1,0.5,10,42,40.0,15.0,11,Car,33.246186247447994,55,55,49,28,49
kitti_mini,000049,distance_threshold,0.1,0.15,0.1,0.5,10,42,40.0,15.0,12,Car,14.42238537829301,172,171,167,18,143
kitti_mini,000049,distance_threshold,0.1,0.15,0.1,0.5,10,42,40.0,15.0,13,Car,19.022000420565657,183,182,182,20,182
kitti_mini,000049,distance_threshold,0.1,0.15,0.1,0.5,10,42,40.0,15.0,14,Car,35.67424000592024,2,2,0,-1,0
kitti_mini,000049,distance_threshold,0.1,0.15,0.1,0.5,10,42,40.0,15.0,15,Car,23.202450301638404,7,7,0,-1,0
kitti_mini,000049,distance_threshold,0.1,0.15,0.1,0.5,10,42,40.0,15.0,16,Van,35.570551021877634,106,106,98,8,82
kitti_mini,000049,distance_threshold,0.1,0.15,0.1,0.5,10,42,40.0,15.0,17,Car,22.381387356462064,41,41,22,35,12
kitti_mini,000049,distance_threshold,0.3,0.15,0.3,0.5,10,42,40.0,15.0,0,Car,21.55469786380686,120,96,91,18,91
kitti_mini,000049,distance_threshold,0.3,0.15,0.3,0.5,10,42,40.0,15.0,1,Car,14.348257733955018,345,268,265,2,265
kitti_mini,000049,distance_threshold,0.3,0.15,0.3,0.5,10,42,40.0,15.0,2,Car,22.289344988132783,92,84,73,3,73
kitti_mini,000049,distance_threshold,0.3,0.15,0.3,0.5,10,42,40.0,15.0,3,Car,25.20128964953976,59,49,38,32,38
kitti_mini,000049,distance_threshold,0.3,0.15,0.3,0.5,10,42,40.0,15.0,4,Car,32.78124006196227,16,16,16,16,16
kitti_mini,000049,distance_threshold,0.3,0.15,0.3,0.5,10,42,40.0,15.0,5,Van,45.86104665181553,0,0,0,-1,0
kitti_mini,000049,distance_threshold,0.3,0.15,0.3,0.5,10,42,40.0,15.0,6,Pedestrian,5.464155927496945,86,71,71,11,71
kitti_mini,000049,distance_threshold,0.3,0.15,0.3,0.5,10,42,40.0,15.0,7,Car,10.398389298348086,217,167,166,14,166
kitti_mini,000049,distance_threshold,0.3,0.15,0.3,0.5,10,42,40.0,15.0,8,Car,15.44416070882455,211,186,186,22,186
kitti_mini,000049,distance_threshold,0.3,0.15,0.3,0.5,10,42,40.0,15.0,9,Car,20.644311565174558,152,126,118,9,118
kitti_mini,000049,distance_threshold,0.3,0.15,0.3,0.5,10,42,40.0,15.0,10,Pedestrian,32.79,38,27,27,36,27
kitti_mini,000049,distance_threshold,0.3,0.15,0.3,0.5,10,42,40.0,15.0,11,Car,33.246186247447994,55,54,48,25,48
kitti_mini,000049,distance_threshold,0.3,0.15,0.3,0.5,10,42,40.0,15.0,12,Car,14.42238537829301,172,153,149,15,129
kitti_mini,000049,distance_threshold,0.3,0.15,0.3,0.5,10,42,40.0,15.0,13,Car,19.022000420565657,183,148,148,17,148
kitti_mini,000049,distance_threshold,0.3,0.15,0.3,0.5,10,42,40.0,15.0,14,Car,35.67424000592024,2,2,0,-1,0
kitti_mini,000049,distance_threshold,0.3,0.15,0.3,0.5,10,42,40.0,15.0,15,Car,23.202450301638404,7,7,0,-1,0
kitti_mini,000049,distance_threshold,0.3,0.15,0.3,0.5,10,42,40.0,15.0,16,Van,35.570551021877634,106,106,98,7,82
kitti_mini,000049,distance_threshold,0.3,0.15,0.3,0.5,10,42,40.0,15.0,17,Car,22.381387356462064,41,41,22,33,12
