dataset,frame,sweep,level_m,voxel_size,distance_threshold,eps,min_points,seed,max_forward,half_width,repeat,latency_ms
kitti_mini,000008,eps,0.3,0.15,0.1,0.3,10,42,40.0,15.0,1,68.3275000010326
kitti_mini,000008,eps,0.3,0.15,0.1,0.3,10,42,40.0,15.0,2,70.52000000112457
kitti_mini,000008,eps,0.3,0.15,0.1,0.3,10,42,40.0,15.0,3,94.21909999946365
kitti_mini,000008,eps,0.3,0.15,0.1,0.3,10,42,40.0,15.0,4,86.7078000010224
kitti_mini,000008,eps,0.3,0.15,0.1,0.3,10,42,40.0,15.0,5,116.9889000011608
kitti_mini,000008,eps,0.3,0.15,0.1,0.3,10,42,40.0,15.0,6,133.15139999758685
kitti_mini,000008,eps,0.3,0.15,0.1,0.3,10,42,40.0,15.0,7,98.7490000006801
kitti_mini,000008,eps,0.3,0.15,0.1,0.3,10,42,40.0,15.0,8,115.10899999848334
kitti_mini,000008,eps,0.3,0.15,0.1,0.3,10,42,40.0,15.0,9,101.22430000046734
kitti_mini,000008,eps,0.3,0.15,0.1,0.3,10,42,40.0,15.0,10,115.70790000041598
kitti_mini,000008,eps,0.3,0.15,0.1,0.3,10,42,40.0,15.0,11,79.74079999985406
kitti_mini,000008,eps,0.3,0.15,0.1,0.3,10,42,40.0,15.0,12,84.63980000306037
kitti_mini,000008,eps,0.3,0.15,0.1,0.3,10,42,40.0,15.0,13,106.67949999697157
kitti_mini,000008,eps,0.3,0.15,0.1,0.3,10,42,40.0,15.0,14,134.8738000015146
kitti_mini,000008,eps,0.3,0.15,0.1,0.3,10,42,40.0,15.0,15,104.48840000026394
kitti_mini,000008,eps,0.3,0.15,0.1,0.3,10,42,40.0,15.0,16,110.23520000162534
kitti_mini,000008,eps,0.3,0.15,0.1,0.3,10,42,40.0,15.0,17,101.76219999993918
kitti_mini,000008,eps,0.3,0.15,0.1,0.3,10,42,40.0,15.0,18,110.76070000126492
kitti_mini,000008,eps,0.3,0.15,0.1,0.3,10,42,40.0,15.0,19,94.13719999793102
kitti_mini,000008,eps,0.3,0.15,0.1,0.3,10,42,40.0,15.0,20,112.74200000116252
kitti_mini,000008,eps,0.5,0.15,0.1,0.5,10,42,40.0,15.0,1,214.6790000006149
kitti_mini,000008,eps,0.5,0.15,0.1,0.5,10,42,40.0,15.0,2,313.3218000002671
kitti_mini,000008,eps,0.5,0.15,0.1,0.5,10,42,40.0,15.0,3,196.49130000107107
kitti_mini,000008,eps,0.5,0.15,0.1,0.5,10,42,40.0,15.0,4,196.5237000003981
kitti_mini,000008,eps,0.5,0.15,0.1,0.5,10,42,40.0,15.0,5,186.91079999916838
kitti_mini,000008,eps,0.5,0.15,0.1,0.5,10,42,40.0,15.0,6,174.93730000205687
kitti_mini,000008,eps,0.5,0.15,0.1,0.5,10,42,40.0,15.0,7,145.14649999910034
kitti_mini,000008,eps,0.5,0.15,0.1,0.5,10,42,40.0,15.0,8,134.80669999989914
kitti_mini,000008,eps,0.5,0.15,0.1,0.5,10,42,40.0,15.0,9,130.72730000203592
kitti_mini,000008,eps,0.5,0.15,0.1,0.5,10,42,40.0,15.0,10,140.7720999995945
kitti_mini,000008,eps,0.5,0.15,0.1,0.5,10,42,40.0,15.0,11,171.18130000017118
kitti_mini,000008,eps,0.5,0.15,0.1,0.5,10,42,40.0,15.0,12,184.80000000272412
kitti_mini,000008,eps,0.5,0.15,0.1,0.5,10,42,40.0,15.0,13,169.50039999937871
kitti_mini,000008,eps,0.5,0.15,0.1,0.5,10,42,40.0,15.0,14,158.2237000002351
kitti_mini,000008,eps,0.5,0.15,0.1,0.5,10,42,40.0,15.0,15,124.58880000122008
kitti_mini,000008,eps,0.5,0.15,0.1,0.5,10,42,40.0,15.0,16,154.10919999703765
kitti_mini,000008,eps,0.5,0.15,0.1,0.5,10,42,40.0,15.0,17,171.0918999997375
kitti_mini,000008,eps,0.5,0.15,0.1,0.5,10,42,40.0,15.0,18,163.15499999836902
kitti_mini,000008,eps,0.5,0.15,0.1,0.5,10,42,40.0,15.0,19,122.60830000013812
kitti_mini,000008,eps,0.5,0.15,0.1,0.5,10,42,40.0,15.0,20,139.27659999899333
kitti_mini,000008,eps,0.8,0.15,0.1,0.8,10,42,40.0,15.0,1,314.4542000009096
kitti_mini,000008,eps,0.8,0.15,0.1,0.8,10,42,40.0,15.0,2,288.77009999996517
kitti_mini,000008,eps,0.8,0.15,0.1,0.8,10,42,40.0,15.0,3,273.97629999904893
kitti_mini,000008,eps,0.8,0.15,0.1,0.8,10,42,40.0,15.0,4,368.8000000001921
kitti_mini,000008,eps,0.8,0.15,0.1,0.8,10,42,40.0,15.0,5,328.46000000063214
kitti_mini,000008,eps,0.8,0.15,0.1,0.8,10,42,40.0,15.0,6,272.1843999970588
kitti_mini,000008,eps,0.8,0.15,0.1,0.8,10,42,40.0,15.0,7,277.3687000008067
kitti_mini,000008,eps,0.8,0.15,0.1,0.8,10,42,40.0,15.0,8,260.74660000085714
kitti_mini,000008,eps,0.8,0.15,0.1,0.8,10,42,40.0,15.0,9,256.6278999984206
kitti_mini,000008,eps,0.8,0.15,0.1,0.8,10,42,40.0,15.0,10,219.61000000010245
kitti_mini,000008,eps,0.8,0.15,0.1,0.8,10,42,40.0,15.0,11,215.86680000109482
kitti_mini,000008,eps,0.8,0.15,0.1,0.8,10,42,40.0,15.0,12,288.9876000008371
kitti_mini,000008,eps,0.8,0.15,0.1,0.8,10,42,40.0,15.0,13,305.8662000003096
kitti_mini,000008,eps,0.8,0.15,0.1,0.8,10,42,40.0,15.0,14,321.42600000224775
kitti_mini,000008,eps,0.8,0.15,0.1,0.8,10,42,40.0,15.0,15,290.78999999910593
kitti_mini,000008,eps,0.8,0.15,0.1,0.8,10,42,40.0,15.0,16,281.99319999839645
kitti_mini,000008,eps,0.8,0.15,0.1,0.8,10,42,40.0,15.0,17,234.58150000078604
kitti_mini,000008,eps,0.8,0.15,0.1,0.8,10,42,40.0,15.0,18,224.0784999994503
kitti_mini,000008,eps,0.8,0.15,0.1,0.8,10,42,40.0,15.0,19,213.01339999990887
kitti_mini,000008,eps,0.8,0.15,0.1,0.8,10,42,40.0,15.0,20,256.9236000017554
kitti_mini,000008,distance_threshold,0.05,0.15,0.05,0.5,10,42,40.0,15.0,1,156.580999999278
kitti_mini,000008,distance_threshold,0.05,0.15,0.05,0.5,10,42,40.0,15.0,2,138.47420000092825
kitti_mini,000008,distance_threshold,0.05,0.15,0.05,0.5,10,42,40.0,15.0,3,133.74109999858774
kitti_mini,000008,distance_threshold,0.05,0.15,0.05,0.5,10,42,40.0,15.0,4,142.06120000017108
kitti_mini,000008,distance_threshold,0.05,0.15,0.05,0.5,10,42,40.0,15.0,5,118.05159999858006
kitti_mini,000008,distance_threshold,0.05,0.15,0.05,0.5,10,42,40.0,15.0,6,156.5160999998625
kitti_mini,000008,distance_threshold,0.05,0.15,0.05,0.5,10,42,40.0,15.0,7,168.02049999751034
kitti_mini,000008,distance_threshold,0.05,0.15,0.05,0.5,10,42,40.0,15.0,8,173.73989999759942
kitti_mini,000008,distance_threshold,0.05,0.15,0.05,0.5,10,42,40.0,15.0,9,190.1706999997259
kitti_mini,000008,distance_threshold,0.05,0.15,0.05,0.5,10,42,40.0,15.0,10,198.89789999797358
kitti_mini,000008,distance_threshold,0.05,0.15,0.05,0.5,10,42,40.0,15.0,11,171.7194999982894
kitti_mini,000008,distance_threshold,0.05,0.15,0.05,0.5,10,42,40.0,15.0,12,179.9237000013818
kitti_mini,000008,distance_threshold,0.05,0.15,0.05,0.5,10,42,40.0,15.0,13,149.54999999827123
kitti_mini,000008,distance_threshold,0.05,0.15,0.05,0.5,10,42,40.0,15.0,14,184.01969999831636
kitti_mini,000008,distance_threshold,0.05,0.15,0.05,0.5,10,42,40.0,15.0,15,200.47230000272975
kitti_mini,000008,distance_threshold,0.05,0.15,0.05,0.5,10,42,40.0,15.0,16,181.16290000034496
kitti_mini,000008,distance_threshold,0.05,0.15,0.05,0.5,10,42,40.0,15.0,17,160.78290000223205
kitti_mini,000008,distance_threshold,0.05,0.15,0.05,0.5,10,42,40.0,15.0,18,169.74889999983134
kitti_mini,000008,distance_threshold,0.05,0.15,0.05,0.5,10,42,40.0,15.0,19,179.7244999979739
kitti_mini,000008,distance_threshold,0.05,0.15,0.05,0.5,10,42,40.0,15.0,20,161.3653999993403
kitti_mini,000008,distance_threshold,0.1,0.15,0.1,0.5,10,42,40.0,15.0,1,137.33499999943888
kitti_mini,000008,distance_threshold,0.1,0.15,0.1,0.5,10,42,40.0,15.0,2,169.84529999899678
kitti_mini,000008,distance_threshold,0.1,0.15,0.1,0.5,10,42,40.0,15.0,3,130.0029000012728
kitti_mini,000008,distance_threshold,0.1,0.15,0.1,0.5,10,42,40.0,15.0,4,129.30180000330438
kitti_mini,000008,distance_threshold,0.1,0.15,0.1,0.5,10,42,40.0,15.0,5,153.10110000064014
kitti_mini,000008,distance_threshold,0.1,0.15,0.1,0.5,10,42,40.0,15.0,6,174.6939000004204
kitti_mini,000008,distance_threshold,0.1,0.15,0.1,0.5,10,42,40.0,15.0,7,167.73160000229836
kitti_mini,000008,distance_threshold,0.1,0.15,0.1,0.5,10,42,40.0,15.0,8,136.7266000015661
kitti_mini,000008,distance_threshold,0.1,0.15,0.1,0.5,10,42,40.0,15.0,9,117.65240000022459
kitti_mini,000008,distance_threshold,0.1,0.15,0.1,0.5,10,42,40.0,15.0,10,151.954900000419
kitti_mini,000008,distance_threshold,0.1,0.15,0.1,0.5,10,42,40.0,15.0,11,138.74659999783034
kitti_mini,000008,distance_threshold,0.1,0.15,0.1,0.5,10,42,40.0,15.0,12,177.0658999994339
kitti_mini,000008,distance_threshold,0.1,0.15,0.1,0.5,10,42,40.0,15.0,13,162.34379999878
kitti_mini,000008,distance_threshold,0.1,0.15,0.1,0.5,10,42,40.0,15.0,14,168.99880000346457
kitti_mini,000008,distance_threshold,0.1,0.15,0.1,0.5,10,42,40.0,15.0,15,155.0070000012056
kitti_mini,000008,distance_threshold,0.1,0.15,0.1,0.5,10,42,40.0,15.0,16,159.32730000349693
kitti_mini,000008,distance_threshold,0.1,0.15,0.1,0.5,10,42,40.0,15.0,17,179.93349999960628
kitti_mini,000008,distance_threshold,0.1,0.15,0.1,0.5,10,42,40.0,15.0,18,147.60640000167768
kitti_mini,000008,distance_threshold,0.1,0.15,0.1,0.5,10,42,40.0,15.0,19,152.75910000127624
kitti_mini,000008,distance_threshold,0.1,0.15,0.1,0.5,10,42,40.0,15.0,20,162.8865999991831
kitti_mini,000008,distance_threshold,0.3,0.15,0.3,0.5,10,42,40.0,15.0,1,128.51529999898048
kitti_mini,000008,distance_threshold,0.3,0.15,0.3,0.5,10,42,40.0,15.0,2,136.27150000320398
kitti_mini,000008,distance_threshold,0.3,0.15,0.3,0.5,10,42,40.0,15.0,3,135.62140000067302
kitti_mini,000008,distance_threshold,0.3,0.15,0.3,0.5,10,42,40.0,15.0,4,115.91260000204784
kitti_mini,000008,distance_threshold,0.3,0.15,0.3,0.5,10,42,40.0,15.0,5,134.18280000041705
kitti_mini,000008,distance_threshold,0.3,0.15,0.3,0.5,10,42,40.0,15.0,6,150.14719999817316
kitti_mini,000008,distance_threshold,0.3,0.15,0.3,0.5,10,42,40.0,15.0,7,147.03580000059446
kitti_mini,000008,distance_threshold,0.3,0.15,0.3,0.5,10,42,40.0,15.0,8,145.86729999791714
kitti_mini,000008,distance_threshold,0.3,0.15,0.3,0.5,10,42,40.0,15.0,9,135.17080000019632
kitti_mini,000008,distance_threshold,0.3,0.15,0.3,0.5,10,42,40.0,15.0,10,130.18799999917974
kitti_mini,000008,distance_threshold,0.3,0.15,0.3,0.5,10,42,40.0,15.0,11,154.10939999856055
kitti_mini,000008,distance_threshold,0.3,0.15,0.3,0.5,10,42,40.0,15.0,12,163.88559999904828
kitti_mini,000008,distance_threshold,0.3,0.15,0.3,0.5,10,42,40.0,15.0,13,175.79169999953592
kitti_mini,000008,distance_threshold,0.3,0.15,0.3,0.5,10,42,40.0,15.0,14,175.76239999834797
kitti_mini,000008,distance_threshold,0.3,0.15,0.3,0.5,10,42,40.0,15.0,15,165.6479000012041
kitti_mini,000008,distance_threshold,0.3,0.15,0.3,0.5,10,42,40.0,15.0,16,152.9393999990134
kitti_mini,000008,distance_threshold,0.3,0.15,0.3,0.5,10,42,40.0,15.0,17,164.95649999706075
kitti_mini,000008,distance_threshold,0.3,0.15,0.3,0.5,10,42,40.0,15.0,18,171.25210000085644
kitti_mini,000008,distance_threshold,0.3,0.15,0.3,0.5,10,42,40.0,15.0,19,188.53860000308487
kitti_mini,000008,distance_threshold,0.3,0.15,0.3,0.5,10,42,40.0,15.0,20,181.39540000265697
kitti_mini,000011,eps,0.3,0.15,0.1,0.3,10,42,40.0,15.0,1,53.85849999947823
kitti_mini,000011,eps,0.3,0.15,0.1,0.3,10,42,40.0,15.0,2,71.50799999726587
kitti_mini,000011,eps,0.3,0.15,0.1,0.3,10,42,40.0,15.0,3,90.92130000135512
kitti_mini,000011,eps,0.3,0.15,0.1,0.3,10,42,40.0,15.0,4,95.03979999863077
kitti_mini,000011,eps,0.3,0.15,0.1,0.3,10,42,40.0,15.0,5,83.09039999949164
kitti_mini,000011,eps,0.3,0.15,0.1,0.3,10,42,40.0,15.0,6,99.95189999972354
kitti_mini,000011,eps,0.3,0.15,0.1,0.3,10,42,40.0,15.0,7,86.36670000123559
kitti_mini,000011,eps,0.3,0.15,0.1,0.3,10,42,40.0,15.0,8,94.19539999726112
kitti_mini,000011,eps,0.3,0.15,0.1,0.3,10,42,40.0,15.0,9,89.46789999754401
kitti_mini,000011,eps,0.3,0.15,0.1,0.3,10,42,40.0,15.0,10,86.04850000119768
kitti_mini,000011,eps,0.3,0.15,0.1,0.3,10,42,40.0,15.0,11,80.13660000142409
kitti_mini,000011,eps,0.3,0.15,0.1,0.3,10,42,40.0,15.0,12,76.53040000150213
kitti_mini,000011,eps,0.3,0.15,0.1,0.3,10,42,40.0,15.0,13,71.73779999720864
kitti_mini,000011,eps,0.3,0.15,0.1,0.3,10,42,40.0,15.0,14,86.28450000105659
kitti_mini,000011,eps,0.3,0.15,0.1,0.3,10,42,40.0,15.0,15,83.07319999948959
kitti_mini,000011,eps,0.3,0.15,0.1,0.3,10,42,40.0,15.0,16,84.656899998663
kitti_mini,000011,eps,0.3,0.15,0.1,0.3,10,42,40.0,15.0,17,91.21539999978268
kitti_mini,000011,eps,0.3,0.15,0.1,0.3,10,42,40.0,15.0,18,76.87579999765148
kitti_mini,000011,eps,0.3,0.15,0.1,0.3,10,42,40.0,15.0,19,104.23449999871082
kitti_mini,000011,eps,0.3,0.15,0.1,0.3,10,42,40.0,15.0,20,82.89009999862174
kitti_mini,000011,eps,0.5,0.15,0.1,0.5,10,42,40.0,15.0,1,116.3293000026897
kitti_mini,000011,eps,0.5,0.15,0.1,0.5,10,42,40.0,15.0,2,105.9504000004381
kitti_mini,000011,eps,0.5,0.15,0.1,0.5,10,42,40.0,15.0,3,108.08240000187652
kitti_mini,000011,eps,0.5,0.15,0.1,0.5,10,42,40.0,15.0,4,99.33579999778885
kitti_mini,000011,eps,0.5,0.15,0.1,0.5,10,42,40.0,15.0,5,93.85529999781284
kitti_mini,000011,eps,0.5,0.15,0.1,0.5,10,42,40.0,15.0,6,93.36410000105388
kitti_mini,000011,eps,0.5,0.15,0.1,0.5,10,42,40.0,15.0,7,104.21150000183843
kitti_mini,000011,eps,0.5,0.15,0.1,0.5,10,42,40.0,15.0,8,95.34150000035879
kitti_mini,000011,eps,0.5,0.15,0.1,0.5,10,42,40.0,15.0,9,115.29829999926733
kitti_mini,000011,eps,0.5,0.15,0.1,0.5,10,42,40.0,15.0,10,103.58540000015637
kitti_mini,000011,eps,0.5,0.15,0.1,0.5,10,42,40.0,15.0,11,91.174699999101
kitti_mini,000011,eps,0.5,0.15,0.1,0.5,10,42,40.0,15.0,12,88.04089999830467
kitti_mini,000011,eps,0.5,0.15,0.1,0.5,10,42,40.0,15.0,13,80.43910000196774
kitti_mini,000011,eps,0.5,0.15,0.1,0.5,10,42,40.0,15.0,14,100.25379999933648
kitti_mini,000011,eps,0.5,0.15,0.1,0.5,10,42,40.0,15.0,15,75.59539999783738
kitti_mini,000011,eps,0.5,0.15,0.1,0.5,10,42,40.0,15.0,16,85.37830000204849
kitti_mini,000011,eps,0.5,0.15,0.1,0.5,10,42,40.0,15.0,17,68.89530000262312
kitti_mini,000011,eps,0.5,0.15,0.1,0.5,10,42,40.0,15.0,18,93.63260000100126
kitti_mini,000011,eps,0.5,0.15,0.1,0.5,10,42,40.0,15.0,19,79.5771999983117
kitti_mini,000011,eps,0.5,0.15,0.1,0.5,10,42,40.0,15.0,20,80.20779999787919
kitti_mini,000011,eps,0.8,0.15,0.1,0.8,10,42,40.0,15.0,1,101.27719999945839
kitti_mini,000011,eps,0.8,0.15,0.1,0.8,10,42,40.0,15.0,2,133.32729999820003
kitti_mini,000011,eps,0.8,0.15,0.1,0.8,10,42,40.0,15.0,3,106.10540000197943
kitti_mini,000011,eps,0.8,0.15,0.1,0.8,10,42,40.0,15.0,4,104.62159999951837
kitti_mini,000011,eps,0.8,0.15,0.1,0.8,10,42,40.0,15.0,5,112.60959999708575
kitti_mini,000011,eps,0.8,0.15,0.1,0.8,10,42,40.0,15.0,6,123.49570000151289
kitti_mini,000011,eps,0.8,0.15,0.1,0.8,10,42,40.0,15.0,7,124.80190000133007
kitti_mini,000011,eps,0.8,0.15,0.1,0.8,10,42,40.0,15.0,8,123.68979999882868
kitti_mini,000011,eps,0.8,0.15,0.1,0.8,10,42,40.0,15.0,9,135.99790000080247
kitti_mini,000011,eps,0.8,0.15,0.1,0.8,10,42,40.0,15.0,10,125.72740000177873
kitti_mini,000011,eps,0.8,0.15,0.1,0.8,10,42,40.0,15.0,11,115.89919999823906
kitti_mini,000011,eps,0.8,0.15,0.1,0.8,10,42,40.0,15.0,12,146.37630000288482
kitti_mini,000011,eps,0.8,0.15,0.1,0.8,10,42,40.0,15.0,13,134.59530000181985
kitti_mini,000011,eps,0.8,0.15,0.1,0.8,10,42,40.0,15.0,14,150.80359999774373
kitti_mini,000011,eps,0.8,0.15,0.1,0.8,10,42,40.0,15.0,15,163.59269999884418
kitti_mini,000011,eps,0.8,0.15,0.1,0.8,10,42,40.0,15.0,16,119.57209999673069
kitti_mini,000011,eps,0.8,0.15,0.1,0.8,10,42,40.0,15.0,17,158.60340000290307
kitti_mini,000011,eps,0.8,0.15,0.1,0.8,10,42,40.0,15.0,18,175.95950000031735
kitti_mini,000011,eps,0.8,0.15,0.1,0.8,10,42,40.0,15.0,19,159.22949999730918
kitti_mini,000011,eps,0.8,0.15,0.1,0.8,10,42,40.0,15.0,20,136.02800000080606
kitti_mini,000011,distance_threshold,0.05,0.15,0.05,0.5,10,42,40.0,15.0,1,110.10570000144071
kitti_mini,000011,distance_threshold,0.05,0.15,0.05,0.5,10,42,40.0,15.0,2,134.0632999999798
kitti_mini,000011,distance_threshold,0.05,0.15,0.05,0.5,10,42,40.0,15.0,3,117.7693999998155
kitti_mini,000011,distance_threshold,0.05,0.15,0.05,0.5,10,42,40.0,15.0,4,116.82660000224132
kitti_mini,000011,distance_threshold,0.05,0.15,0.05,0.5,10,42,40.0,15.0,5,93.35580000333721
kitti_mini,000011,distance_threshold,0.05,0.15,0.05,0.5,10,42,40.0,15.0,6,88.244599999598
kitti_mini,000011,distance_threshold,0.05,0.15,0.05,0.5,10,42,40.0,15.0,7,84.43610000176704
kitti_mini,000011,distance_threshold,0.05,0.15,0.05,0.5,10,42,40.0,15.0,8,105.16049999932875
kitti_mini,000011,distance_threshold,0.05,0.15,0.05,0.5,10,42,40.0,15.0,9,109.4299999967916
kitti_mini,000011,distance_threshold,0.05,0.15,0.05,0.5,10,42,40.0,15.0,10,89.48080000118352
kitti_mini,000011,distance_threshold,0.05,0.15,0.05,0.5,10,42,40.0,15.0,11,116.73979999977746
kitti_mini,000011,distance_threshold,0.05,0.15,0.05,0.5,10,42,40.0,15.0,12,102.67100000055507
kitti_mini,000011,distance_threshold,0.05,0.15,0.05,0.5,10,42,40.0,15.0,13,102.67729999759467
kitti_mini,000011,distance_threshold,0.05,0.15,0.05,0.5,10,42,40.0,15.0,14,78.30110000213608
kitti_mini,000011,distance_threshold,0.05,0.15,0.05,0.5,10,42,40.0,15.0,15,102.44130000137375
kitti_mini,000011,distance_threshold,0.05,0.15,0.05,0.5,10,42,40.0,15.0,16,95.90830000161077
kitti_mini,000011,distance_threshold,0.05,0.15,0.05,0.5,10,42,40.0,15.0,17,86.44529999946826
kitti_mini,000011,distance_threshold,0.05,0.15,0.05,0.5,10,42,40.0,15.0,18,79.94800000233226
kitti_mini,000011,distance_threshold,0.05,0.15,0.05,0.5,10,42,40.0,15.0,19,87.62679999927059
kitti_mini,000011,distance_threshold,0.05,0.15,0.05,0.5,10,42,40.0,15.0,20,91.02419999908307
kitti_mini,000011,distance_threshold,0.1,0.15,0.1,0.5,10,42,40.0,15.0,1,59.738100000686245
kitti_mini,000011,distance_threshold,0.1,0.15,0.1,0.5,10,42,40.0,15.0,2,76.68130000092788
kitti_mini,000011,distance_threshold,0.1,0.15,0.1,0.5,10,42,40.0,15.0,3,61.546000000817
kitti_mini,000011,distance_threshold,0.1,0.15,0.1,0.5,10,42,40.0,15.0,4,60.98000000201864
kitti_mini,000011,distance_threshold,0.1,0.15,0.1,0.5,10,42,40.0,15.0,5,55.60719999994035
kitti_mini,000011,distance_threshold,0.1,0.15,0.1,0.5,10,42,40.0,15.0,6,54.17959999977029
kitti_mini,000011,distance_threshold,0.1,0.15,0.1,0.5,10,42,40.0,15.0,7,51.920400001108646
kitti_mini,000011,distance_threshold,0.1,0.15,0.1,0.5,10,42,40.0,15.0,8,71.62679999964894
kitti_mini,000011,distance_threshold,0.1,0.15,0.1,0.5,10,42,40.0,15.0,9,58.482200001890305
kitti_mini,000011,distance_threshold,0.1,0.15,0.1,0.5,10,42,40.0,15.0,10,54.51050000192481
kitti_mini,000011,distance_threshold,0.1,0.15,0.1,0.5,10,42,40.0,15.0,11,57.29820000124164
kitti_mini,000011,distance_threshold,0.1,0.15,0.1,0.5,10,42,40.0,15.0,12,66.47259999954258
kitti_mini,000011,distance_threshold,0.1,0.15,0.1,0.5,10,42,40.0,15.0,13,46.881099999154685
kitti_mini,000011,distance_threshold,0.1,0.15,0.1,0.5,10,42,40.0,15.0,14,55.48669999916456
kitti_mini,000011,distance_threshold,0.1,0.15,0.1,0.5,10,42,40.0,15.0,15,58.97730000287993
kitti_mini,000011,distance_threshold,0.1,0.15,0.1,0.5,10,42,40.0,15.0,16,57.74799999926472
kitti_mini,000011,distance_threshold,0.1,0.15,0.1,0.5,10,42,40.0,15.0,17,56.3213999994332
kitti_mini,000011,distance_threshold,0.1,0.15,0.1,0.5,10,42,40.0,15.0,18,47.23540000122739
kitti_mini,000011,distance_threshold,0.1,0.15,0.1,0.5,10,42,40.0,15.0,19,57.086500000878004
kitti_mini,000011,distance_threshold,0.1,0.15,0.1,0.5,10,42,40.0,15.0,20,59.087099998578196
kitti_mini,000011,distance_threshold,0.3,0.15,0.3,0.5,10,42,40.0,15.0,1,50.53500000212807
kitti_mini,000011,distance_threshold,0.3,0.15,0.3,0.5,10,42,40.0,15.0,2,41.5813999970851
kitti_mini,000011,distance_threshold,0.3,0.15,0.3,0.5,10,42,40.0,15.0,3,55.15260000174749
kitti_mini,000011,distance_threshold,0.3,0.15,0.3,0.5,10,42,40.0,15.0,4,50.23630000141566
kitti_mini,000011,distance_threshold,0.3,0.15,0.3,0.5,10,42,40.0,15.0,5,52.93799999708426
kitti_mini,000011,distance_threshold,0.3,0.15,0.3,0.5,10,42,40.0,15.0,6,46.79459999897517
kitti_mini,000011,distance_threshold,0.3,0.15,0.3,0.5,10,42,40.0,15.0,7,57.19390000012936
kitti_mini,000011,distance_threshold,0.3,0.15,0.3,0.5,10,42,40.0,15.0,8,60.478600000351435
kitti_mini,000011,distance_threshold,0.3,0.15,0.3,0.5,10,42,40.0,15.0,9,59.88480000087293
kitti_mini,000011,distance_threshold,0.3,0.15,0.3,0.5,10,42,40.0,15.0,10,58.97170000025653
kitti_mini,000011,distance_threshold,0.3,0.15,0.3,0.5,10,42,40.0,15.0,11,53.634199997759424
kitti_mini,000011,distance_threshold,0.3,0.15,0.3,0.5,10,42,40.0,15.0,12,67.39169999855221
kitti_mini,000011,distance_threshold,0.3,0.15,0.3,0.5,10,42,40.0,15.0,13,69.12540000121226
kitti_mini,000011,distance_threshold,0.3,0.15,0.3,0.5,10,42,40.0,15.0,14,49.07259999890812
kitti_mini,000011,distance_threshold,0.3,0.15,0.3,0.5,10,42,40.0,15.0,15,50.70489999707206
kitti_mini,000011,distance_threshold,0.3,0.15,0.3,0.5,10,42,40.0,15.0,16,62.67490000027465
kitti_mini,000011,distance_threshold,0.3,0.15,0.3,0.5,10,42,40.0,15.0,17,64.4438999988779
kitti_mini,000011,distance_threshold,0.3,0.15,0.3,0.5,10,42,40.0,15.0,18,61.136500000429805
kitti_mini,000011,distance_threshold,0.3,0.15,0.3,0.5,10,42,40.0,15.0,19,53.6205999997037
kitti_mini,000011,distance_threshold,0.3,0.15,0.3,0.5,10,42,40.0,15.0,20,62.4932999999146
kitti_mini,000049,eps,0.3,0.15,0.1,0.3,10,42,40.0,15.0,1,42.65239999949699
kitti_mini,000049,eps,0.3,0.15,0.1,0.3,10,42,40.0,15.0,2,41.11100000227452
kitti_mini,000049,eps,0.3,0.15,0.1,0.3,10,42,40.0,15.0,3,45.664299999771174
kitti_mini,000049,eps,0.3,0.15,0.1,0.3,10,42,40.0,15.0,4,45.75230000045849
kitti_mini,000049,eps,0.3,0.15,0.1,0.3,10,42,40.0,15.0,5,46.79240000041318
kitti_mini,000049,eps,0.3,0.15,0.1,0.3,10,42,40.0,15.0,6,50.065299998095725
kitti_mini,000049,eps,0.3,0.15,0.1,0.3,10,42,40.0,15.0,7,45.146199998271186
kitti_mini,000049,eps,0.3,0.15,0.1,0.3,10,42,40.0,15.0,8,39.86649999933434
kitti_mini,000049,eps,0.3,0.15,0.1,0.3,10,42,40.0,15.0,9,38.33739999754471
kitti_mini,000049,eps,0.3,0.15,0.1,0.3,10,42,40.0,15.0,10,40.0523999996949
kitti_mini,000049,eps,0.3,0.15,0.1,0.3,10,42,40.0,15.0,11,41.410499998164596
kitti_mini,000049,eps,0.3,0.15,0.1,0.3,10,42,40.0,15.0,12,37.59830000126385
kitti_mini,000049,eps,0.3,0.15,0.1,0.3,10,42,40.0,15.0,13,42.80039999866858
kitti_mini,000049,eps,0.3,0.15,0.1,0.3,10,42,40.0,15.0,14,40.43190000083996
kitti_mini,000049,eps,0.3,0.15,0.1,0.3,10,42,40.0,15.0,15,40.27069999938249
kitti_mini,000049,eps,0.3,0.15,0.1,0.3,10,42,40.0,15.0,16,39.66049999871757
kitti_mini,000049,eps,0.3,0.15,0.1,0.3,10,42,40.0,15.0,17,37.91379999893252
kitti_mini,000049,eps,0.3,0.15,0.1,0.3,10,42,40.0,15.0,18,40.35170000133803
kitti_mini,000049,eps,0.3,0.15,0.1,0.3,10,42,40.0,15.0,19,44.713599996612174
kitti_mini,000049,eps,0.3,0.15,0.1,0.3,10,42,40.0,15.0,20,54.63660000168602
kitti_mini,000049,eps,0.5,0.15,0.1,0.5,10,42,40.0,15.0,1,62.01110000256449
kitti_mini,000049,eps,0.5,0.15,0.1,0.5,10,42,40.0,15.0,2,63.795599999139085
kitti_mini,000049,eps,0.5,0.15,0.1,0.5,10,42,40.0,15.0,3,57.74559999917983
kitti_mini,000049,eps,0.5,0.15,0.1,0.5,10,42,40.0,15.0,4,63.52189999961411
kitti_mini,000049,eps,0.5,0.15,0.1,0.5,10,42,40.0,15.0,5,66.067199997633
kitti_mini,000049,eps,0.5,0.15,0.1,0.5,10,42,40.0,15.0,6,76.24330000180635
kitti_mini,000049,eps,0.5,0.15,0.1,0.5,10,42,40.0,15.0,7,64.90100000155508
kitti_mini,000049,eps,0.5,0.15,0.1,0.5,10,42,40.0,15.0,8,65.40029999814578
kitti_mini,000049,eps,0.5,0.15,0.1,0.5,10,42,40.0,15.0,9,60.34479999652831
kitti_mini,000049,eps,0.5,0.15,0.1,0.5,10,42,40.0,15.0,10,81.81169999807025
kitti_mini,000049,eps,0.5,0.15,0.1,0.5,10,42,40.0,15.0,11,73.05280000218772
kitti_mini,000049,eps,0.5,0.15,0.1,0.5,10,42,40.0,15.0,12,77.14629999827594
kitti_mini,000049,eps,0.5,0.15,0.1,0.5,10,42,40.0,15.0,13,74.70119999925373
kitti_mini,000049,eps,0.5,0.15,0.1,0.5,10,42,40.0,15.0,14,84.19570000114618
kitti_mini,000049,eps,0.5,0.15,0.1,0.5,10,42,40.0,15.0,15,65.43860000238055
kitti_mini,000049,eps,0.5,0.15,0.1,0.5,10,42,40.0,15.0,16,84.75289999842062
kitti_mini,000049,eps,0.5,0.15,0.1,0.5,10,42,40.0,15.0,17,80.61330000055023
kitti_mini,000049,eps,0.5,0.15,0.1,0.5,10,42,40.0,15.0,18,71.61429999905522
kitti_mini,000049,eps,0.5,0.15,0.1,0.5,10,42,40.0,15.0,19,73.02949999939301
kitti_mini,000049,eps,0.5,0.15,0.1,0.5,10,42,40.0,15.0,20,77.9419999998936
kitti_mini,000049,eps,0.8,0.15,0.1,0.8,10,42,40.0,15.0,1,94.09909999885713
kitti_mini,000049,eps,0.8,0.15,0.1,0.8,10,42,40.0,15.0,2,72.66900000104215
kitti_mini,000049,eps,0.8,0.15,0.1,0.8,10,42,40.0,15.0,3,83.31219999672612
kitti_mini,000049,eps,0.8,0.15,0.1,0.8,10,42,40.0,15.0,4,120.48769999819342
kitti_mini,000049,eps,0.8,0.15,0.1,0.8,10,42,40.0,15.0,5,81.85699999739882
kitti_mini,000049,eps,0.8,0.15,0.1,0.8,10,42,40.0,15.0,6,97.53410000121221
kitti_mini,000049,eps,0.8,0.15,0.1,0.8,10,42,40.0,15.0,7,94.66409999731695
kitti_mini,000049,eps,0.8,0.15,0.1,0.8,10,42,40.0,15.0,8,97.83030000107829
kitti_mini,000049,eps,0.8,0.15,0.1,0.8,10,42,40.0,15.0,9,80.6695999999647
kitti_mini,000049,eps,0.8,0.15,0.1,0.8,10,42,40.0,15.0,10,118.53960000007646
kitti_mini,000049,eps,0.8,0.15,0.1,0.8,10,42,40.0,15.0,11,148.09230000173557
kitti_mini,000049,eps,0.8,0.15,0.1,0.8,10,42,40.0,15.0,12,132.65900000260444
kitti_mini,000049,eps,0.8,0.15,0.1,0.8,10,42,40.0,15.0,13,153.108999998949
kitti_mini,000049,eps,0.8,0.15,0.1,0.8,10,42,40.0,15.0,14,112.1075999981258
kitti_mini,000049,eps,0.8,0.15,0.1,0.8,10,42,40.0,15.0,15,126.76819999978761
kitti_mini,000049,eps,0.8,0.15,0.1,0.8,10,42,40.0,15.0,16,99.69249999994645
kitti_mini,000049,eps,0.8,0.15,0.1,0.8,10,42,40.0,15.0,17,82.6067999987572
kitti_mini,000049,eps,0.8,0.15,0.1,0.8,10,42,40.0,15.0,18,125.40140000055544
kitti_mini,000049,eps,0.8,0.15,0.1,0.8,10,42,40.0,15.0,19,88.08150000186288
kitti_mini,000049,eps,0.8,0.15,0.1,0.8,10,42,40.0,15.0,20,114.48860000018612
kitti_mini,000049,distance_threshold,0.05,0.15,0.05,0.5,10,42,40.0,15.0,1,70.2077999994799
kitti_mini,000049,distance_threshold,0.05,0.15,0.05,0.5,10,42,40.0,15.0,2,75.44390000111889
kitti_mini,000049,distance_threshold,0.05,0.15,0.05,0.5,10,42,40.0,15.0,3,64.10049999976764
kitti_mini,000049,distance_threshold,0.05,0.15,0.05,0.5,10,42,40.0,15.0,4,85.48280000104569
kitti_mini,000049,distance_threshold,0.05,0.15,0.05,0.5,10,42,40.0,15.0,5,113.50710000260733
kitti_mini,000049,distance_threshold,0.05,0.15,0.05,0.5,10,42,40.0,15.0,6,94.53550000034738
kitti_mini,000049,distance_threshold,0.05,0.15,0.05,0.5,10,42,40.0,15.0,7,75.69999999759602
kitti_mini,000049,distance_threshold,0.05,0.15,0.05,0.5,10,42,40.0,15.0,8,72.89450000098441
kitti_mini,000049,distance_threshold,0.05,0.15,0.05,0.5,10,42,40.0,15.0,9,89.66829999917536
kitti_mini,000049,distance_threshold,0.05,0.15,0.05,0.5,10,42,40.0,15.0,10,90.23069999966538
kitti_mini,000049,distance_threshold,0.05,0.15,0.05,0.5,10,42,40.0,15.0,11,95.09770000295248
kitti_mini,000049,distance_threshold,0.05,0.15,0.05,0.5,10,42,40.0,15.0,12,101.27619999911985
kitti_mini,000049,distance_threshold,0.05,0.15,0.05,0.5,10,42,40.0,15.0,13,89.13590000156546
kitti_mini,000049,distance_threshold,0.05,0.15,0.05,0.5,10,42,40.0,15.0,14,74.53589999931864
kitti_mini,000049,distance_threshold,0.05,0.15,0.05,0.5,10,42,40.0,15.0,15,58.07020000065677
kitti_mini,000049,distance_threshold,0.05,0.15,0.05,0.5,10,42,40.0,15.0,16,79.88939999995637
kitti_mini,000049,distance_threshold,0.05,0.15,0.05,0.5,10,42,40.0,15.0,17,84.03059999909601
kitti_mini,000049,distance_threshold,0.05,0.15,0.05,0.5,10,42,40.0,15.0,18,72.16490000064368
kitti_mini,000049,distance_threshold,0.05,0.15,0.05,0.5,10,42,40.0,15.0,19,73.98909999756142
kitti_mini,000049,distance_threshold,0.05,0.15,0.05,0.5,10,42,40.0,15.0,20,69.1222999994352
kitti_mini,000049,distance_threshold,0.1,0.15,0.1,0.5,10,42,40.0,15.0,1,83.73109999956796
kitti_mini,000049,distance_threshold,0.1,0.15,0.1,0.5,10,42,40.0,15.0,2,116.10089999885531
kitti_mini,000049,distance_threshold,0.1,0.15,0.1,0.5,10,42,40.0,15.0,3,88.69169999888982
kitti_mini,000049,distance_threshold,0.1,0.15,0.1,0.5,10,42,40.0,15.0,4,69.85169999825303
kitti_mini,000049,distance_threshold,0.1,0.15,0.1,0.5,10,42,40.0,15.0,5,66.5532000020903
kitti_mini,000049,distance_threshold,0.1,0.15,0.1,0.5,10,42,40.0,15.0,6,71.10140000077081
kitti_mini,000049,distance_threshold,0.1,0.15,0.1,0.5,10,42,40.0,15.0,7,70.92980000015814
kitti_mini,000049,distance_threshold,0.1,0.15,0.1,0.5,10,42,40.0,15.0,8,82.8962000014144
kitti_mini,000049,distance_threshold,0.1,0.15,0.1,0.5,10,42,40.0,15.0,9,76.56009999845992
kitti_mini,000049,distance_threshold,0.1,0.15,0.1,0.5,10,42,40.0,15.0,10,67.39659999948344
kitti_mini,000049,distance_threshold,0.1,0.15,0.1,0.5,10,42,40.0,15.0,11,67.65180000002147
kitti_mini,000049,distance_threshold,0.1,0.15,0.1,0.5,10,42,40.0,15.0,12,80.33069999873987
kitti_mini,000049,distance_threshold,0.1,0.15,0.1,0.5,10,42,40.0,15.0,13,69.09580000137794
kitti_mini,000049,distance_threshold,0.1,0.15,0.1,0.5,10,42,40.0,15.0,14,47.582399998646
kitti_mini,000049,distance_threshold,0.1,0.15,0.1,0.5,10,42,40.0,15.0,15,60.52490000001853
kitti_mini,000049,distance_threshold,0.1,0.15,0.1,0.5,10,42,40.0,15.0,16,62.27960000251187
kitti_mini,000049,distance_threshold,0.1,0.15,0.1,0.5,10,42,40.0,15.0,17,71.63059999948018
kitti_mini,000049,distance_threshold,0.1,0.15,0.1,0.5,10,42,40.0,15.0,18,42.51330000261078
kitti_mini,000049,distance_threshold,0.1,0.15,0.1,0.5,10,42,40.0,15.0,19,36.738800001330674
kitti_mini,000049,distance_threshold,0.1,0.15,0.1,0.5,10,42,40.0,15.0,20,65.96450000142795
kitti_mini,000049,distance_threshold,0.3,0.15,0.3,0.5,10,42,40.0,15.0,1,35.78320000087842
kitti_mini,000049,distance_threshold,0.3,0.15,0.3,0.5,10,42,40.0,15.0,2,45.80979999809642
kitti_mini,000049,distance_threshold,0.3,0.15,0.3,0.5,10,42,40.0,15.0,3,42.87320000003092
kitti_mini,000049,distance_threshold,0.3,0.15,0.3,0.5,10,42,40.0,15.0,4,49.7486000022036
kitti_mini,000049,distance_threshold,0.3,0.15,0.3,0.5,10,42,40.0,15.0,5,44.55759999837028
kitti_mini,000049,distance_threshold,0.3,0.15,0.3,0.5,10,42,40.0,15.0,6,61.18319999950472
kitti_mini,000049,distance_threshold,0.3,0.15,0.3,0.5,10,42,40.0,15.0,7,41.011699999216944
kitti_mini,000049,distance_threshold,0.3,0.15,0.3,0.5,10,42,40.0,15.0,8,54.176099998585414
kitti_mini,000049,distance_threshold,0.3,0.15,0.3,0.5,10,42,40.0,15.0,9,46.3835000009567
kitti_mini,000049,distance_threshold,0.3,0.15,0.3,0.5,10,42,40.0,15.0,10,43.653400000039255
kitti_mini,000049,distance_threshold,0.3,0.15,0.3,0.5,10,42,40.0,15.0,11,56.070599999657134
kitti_mini,000049,distance_threshold,0.3,0.15,0.3,0.5,10,42,40.0,15.0,12,46.26529999950435
kitti_mini,000049,distance_threshold,0.3,0.15,0.3,0.5,10,42,40.0,15.0,13,61.90440000136732
kitti_mini,000049,distance_threshold,0.3,0.15,0.3,0.5,10,42,40.0,15.0,14,56.675100000575185
kitti_mini,000049,distance_threshold,0.3,0.15,0.3,0.5,10,42,40.0,15.0,15,59.31670000063605
kitti_mini,000049,distance_threshold,0.3,0.15,0.3,0.5,10,42,40.0,15.0,16,49.179599998751655
kitti_mini,000049,distance_threshold,0.3,0.15,0.3,0.5,10,42,40.0,15.0,17,61.267699999007164
kitti_mini,000049,distance_threshold,0.3,0.15,0.3,0.5,10,42,40.0,15.0,18,42.732400001114
kitti_mini,000049,distance_threshold,0.3,0.15,0.3,0.5,10,42,40.0,15.0,19,46.37949999960256
kitti_mini,000049,distance_threshold,0.3,0.15,0.3,0.5,10,42,40.0,15.0,20,63.534500000969274
