frame,cell_size_m,x_min_m,y_min_m,obstacle_points
000011,0.25,1.0,-9.75,1
000011,0.25,1.0,-9.0,3
000011,0.25,1.0,-8.25,4
000011,0.25,1.0,-8.0,1
000011,0.25,1.0,-7.75,1
000011,0.25,1.0,-7.5,1
000011,0.25,1.0,-6.75,1
000011,0.25,1.0,-6.5,6
000011,0.25,1.0,-6.25,7
000011,0.25,1.0,-6.0,25
000011,0.25,1.0,-3.75,12
000011,0.25,1.0,-3.5,3
000011,0.25,1.0,-3.0,3
000011,0.25,1.0,-2.75,5
000011,0.25,1.0,-2.5,3
000011,0.25,1.0,-2.25,2
000011,0.25,1.0,8.75,35
000011,0.25,1.0,9.0,19
000011,0.25,1.25,-6.0,27
000011,0.25,1.25,-3.75,2
000011,0.25,1.25,-3.25,1
000011,0.25,1.25,-3.0,2
000011,0.25,1.25,-2.75,2
000011,0.25,1.25,-2.5,2
000011,0.25,1.25,-2.25,4
000011,0.25,1.25,-1.25,1
000011,0.25,1.25,8.75,31
000011,0.25,1.25,9.0,24
000011,0.25,1.5,-13.25,1
000011,0.25,1.5,-13.0,2
000011,0.25,1.5,-12.75,2
000011,0.25,1.5,-12.5,3
000011,0.25,1.5,-6.0,19
000011,0.25,1.5,-5.75,9
000011,0.25,1.5,-3.25,1
000011,0.25,1.5,-3.0,1
000011,0.25,1.5,-2.75,2
000011,0.25,1.5,-2.5,3
000011,0.25,1.5,-2.25,10
000011,0.25,1.5,-1.25,1
000011,0.25,1.5,8.75,26
000011,0.25,1.5,9.0,15
000011,0.25,1.75,-15.0,1
000011,0.25,1.75,-13.5,2
000011,0.25,1.75,-13.25,4
000011,0.25,1.75,-13.0,2
000011,0.25,1.75,-12.75,2
000011,0.25,1.75,-6.0,28
000011,0.25,1.75,-3.75,2
000011,0.25,1.75,-3.5,2
000011,0.25,1.75,-3.25,4
000011,0.25,1.75,-3.0,5
000011,0.25,1.75,-2.75,5
000011,0.25,1.75,-2.5,1
000011,0.25,1.75,-2.25,7
000011,0.25,1.75,8.75,27
000011,0.25,1.75,9.0,17
000011,0.25,2.0,-6.0,35
000011,0.25,2.0,-3.75,1
000011,0.25,2.0,-3.5,2
000011,0.25,2.0,-3.25,3
000011,0.25,2.0,-3.0,5
000011,0.25,2.0,-2.75,2
000011,0.25,2.0,-2.5,6
000011,0.25,2.0,-2.25,7
000011,0.25,2.0,8.75,47
000011,0.25,2.0,9.0,12
000011,0.25,2.25,-6.75,1
000011,0.25,2.25,-6.25,2
000011,0.25,2.25,-6.0,19
000011,0.25,2.25,-3.5,2
000011,0.25,2.25,-3.25,4
000011,0.25,2.25,-3.0,2
000011,0.25,2.25,-2.75,2
000011,0.25,2.25,-2.5,13
000011,0.25,2.25,-2.25,2
000011,0.25,2.25,8.75,31
000011,0.25,2.25,9.0,4
000011,0.25,2.5,-6.5,7
000011,0.25,2.5,-6.25,7
000011,0.25,2.5,-6.0,6
000011,0.25,2.5,-3.0,2
000011,0.25,2.5,-2.75,2
000011,0.25,2.5,-2.5,2
000011,0.25,2.5,-0.5,1
000011,0.25,2.5,0.25,1
000011,0.25,2.5,4.25,4
000011,0.25,2.5,4.5,6
000011,0.25,2.5,4.75,11
000011,0.25,2.5,5.0,8
000011,0.25,2.5,5.25,13
000011,0.25,2.5,5.5,5
000011,0.25,2.5,5.75,3
000011,0.25,2.5,8.75,32
000011,0.25,2.5,9.0,3
000011,0.25,2.75,-7.5,1
000011,0.25,2.75,-7.25,1
000011,0.25,2.75,-6.5,11
000011,0.25,2.75,-6.25,4
000011,0.25,2.75,-6.0,10
000011,0.25,2.75,4.25,11
000011,0.25,2.75,4.5,9
000011,0.25,2.75,4.75,8
000011,0.25,2.75,5.0,4
000011,0.25,2.75,5.25,3
000011,0.25,2.75,5.5,8
000011,0.25,2.75,5.75,4
000011,0.25,2.75,8.75,39
000011,0.25,2.75,9.0,4
000011,0.25,3.0,-7.5,5
000011,0.25,3.0,-7.25,4
000011,0.25,3.0,-6.5,8
000011,0.25,3.0,-6.25,4
000011,0.25,3.0,-6.0,8
000011,0.25,3.0,4.25,14
000011,0.25,3.0,4.5,2
000011,0.25,3.0,4.75,2
000011,0.25,3.0,5.0,3
000011,0.25,3.0,5.25,2
000011,0.25,3.0,5.5,3
000011,0.25,3.0,5.75,1
000011,0.25,3.0,8.75,28
000011,0.25,3.0,9.0,5
000011,0.25,3.25,-8.25,2
000011,0.25,3.25,-8.0,3
000011,0.25,3.25,-7.5,1
000011,0.25,3.25,-7.25,3
000011,0.25,3.25,-6.75,1
000011,0.25,3.25,-6.5,8
000011,0.25,3.25,-6.25,6
000011,0.25,3.25,-6.0,8
000011,0.25,3.25,4.25,12
000011,0.25,3.25,4.5,4
000011,0.25,3.25,4.75,3
000011,0.25,3.25,5.0,3
000011,0.25,3.25,5.25,4
000011,0.25,3.25,5.5,2
000011,0.25,3.25,5.75,2
000011,0.25,3.25,8.75,33
000011,0.25,3.25,9.0,4
000011,0.25,3.5,-8.75,2
000011,0.25,3.5,-7.5,2
000011,0.25,3.5,-7.25,3
000011,0.25,3.5,-6.5,7
000011,0.25,3.5,-6.25,3
000011,0.25,3.5,-6.0,16
000011,0.25,3.5,4.25,19
000011,0.25,3.5,4.5,7
000011,0.25,3.5,4.75,4
000011,0.25,3.5,5.0,1
000011,0.25,3.5,5.25,4
000011,0.25,3.5,5.5,3
000011,0.25,3.5,5.75,1
000011,0.25,3.5,8.75,12
000011,0.25,3.5,9.0,27
000011,0.25,3.5,9.25,8
000011,0.25,3.75,-6.5,3
000011,0.25,3.75,-6.25,2
000011,0.25,3.75,-6.0,13
000011,0.25,3.75,4.25,17
000011,0.25,3.75,4.5,9
000011,0.25,3.75,4.75,1
000011,0.25,3.75,5.25,2
000011,0.25,3.75,5.5,5
000011,0.25,3.75,5.75,1
000011,0.25,3.75,8.75,1
000011,0.25,3.75,9.0,24
000011,0.25,3.75,9.25,14
000011,0.25,4.0,-8.5,1
000011,0.25,4.0,-7.75,1
000011,0.25,4.0,-7.5,1
000011,0.25,4.0,-6.75,9
000011,0.25,4.0,-6.5,12
000011,0.25,4.0,-6.25,6
000011,0.25,4.0,-6.0,14
000011,0.25,4.0,-4.5,1
000011,0.25,4.0,-4.25,1
000011,0.25,4.0,-4.0,1
000011,0.25,4.0,4.25,20
000011,0.25,4.0,4.5,7
000011,0.25,4.0,4.75,5
000011,0.25,4.0,5.0,3
000011,0.25,4.0,5.25,2
000011,0.25,4.0,5.5,1
000011,0.25,4.0,8.75,2
000011,0.25,4.0,9.0,20
000011,0.25,4.0,9.25,13
000011,0.25,4.25,-10.5,1
000011,0.25,4.25,-6.75,7
000011,0.25,4.25,-6.5,14
000011,0.25,4.25,-6.25,8
000011,0.25,4.25,-6.0,42
000011,0.25,4.25,-5.75,3
000011,0.25,4.25,-5.5,3
000011,0.25,4.25,-5.25,2
000011,0.25,4.25,-5.0,2
000011,0.25,4.25,-4.5,3
000011,0.25,4.25,-4.25,3
000011,0.25,4.25,4.25,17
000011,0.25,4.25,4.5,6
000011,0.25,4.25,4.75,1
000011,0.25,4.25,8.75,3
000011,0.25,4.25,9.0,28
000011,0.25,4.25,9.25,18
000011,0.25,4.5,-11.5,4
000011,0.25,4.5,-6.0,38
000011,0.25,4.5,-5.75,3
000011,0.25,4.5,-5.5,3
000011,0.25,4.5,-5.25,3
000011,0.25,4.5,-5.0,1
000011,0.25,4.5,-4.25,1
000011,0.25,4.5,-4.0,1
000011,0.25,4.5,4.25,12
000011,0.25,4.5,4.5,3
000011,0.25,4.5,5.0,3
000011,0.25,4.5,5.25,8
000011,0.25,4.5,8.75,19
000011,0.25,4.5,9.0,34
000011,0.25,4.5,9.25,10
000011,0.25,4.75,-12.0,1
000011,0.25,4.75,-11.75,3
000011,0.25,4.75,-11.5,1
000011,0.25,4.75,-8.5,9
000011,0.25,4.75,-8.25,3
000011,0.25,4.75,-6.0,35
000011,0.25,4.75,-5.5,3
000011,0.25,4.75,4.25,15
000011,0.25,4.75,4.5,8
000011,0.25,4.75,4.75,7
000011,0.25,4.75,5.0,3
000011,0.25,4.75,5.25,2
000011,0.25,4.75,5.5,4
000011,0.25,4.75,8.75,17
000011,0.25,4.75,9.0,5
000011,0.25,5.0,-8.25,5
000011,0.25,5.0,-6.25,6
000011,0.25,5.0,-6.0,28
000011,0.25,5.0,-5.5,2
000011,0.25,5.0,-5.25,1
000011,0.25,5.0,-2.5,13
000011,0.25,5.0,4.25,14
000011,0.25,5.0,4.5,5
000011,0.25,5.0,4.75,2
000011,0.25,5.0,5.5,1
000011,0.25,5.0,5.75,2
000011,0.25,5.0,8.75,22
000011,0.25,5.0,9.0,12
000011,0.25,5.25,-10.5,3
000011,0.25,5.25,-10.25,4
000011,0.25,5.25,-6.5,1
000011,0.25,5.25,-6.25,39
000011,0.25,5.25,-6.0,2
000011,0.25,5.25,-5.25,2
000011,0.25,5.25,-2.75,3
000011,0.25,5.25,-2.5,1
000011,0.25,5.25,4.25,14
000011,0.25,5.25,4.5,6
000011,0.25,5.25,4.75,3
000011,0.25,5.25,5.75,3
000011,0.25,5.25,8.75,10
000011,0.25,5.25,9.0,14
000011,0.25,5.5,-10.5,1
000011,0.25,5.5,-6.5,2
000011,0.25,5.5,-6.25,24
000011,0.25,5.5,-6.0,5
000011,0.25,5.5,-5.75,1
000011,0.25,5.5,-5.0,3
000011,0.25,5.5,-4.75,1
000011,0.25,5.5,4.25,12
000011,0.25,5.5,4.5,12
000011,0.25,5.5,4.75,4
000011,0.25,5.5,5.25,5
000011,0.25,5.5,5.5,10
000011,0.25,5.5,8.75,6
000011,0.25,5.5,9.0,2
000011,0.25,5.5,9.25,9
000011,0.25,5.75,-6.75,2
000011,0.25,5.75,-6.5,17
000011,0.25,5.75,-6.25,9
000011,0.25,5.75,-6.0,13
000011,0.25,5.75,-5.75,2
000011,0.25,5.75,4.25,11
000011,0.25,5.75,4.5,8
000011,0.25,5.75,5.25,1
000011,0.25,5.75,5.5,3
000011,0.25,5.75,8.75,7
000011,0.25,5.75,9.0,5
000011,0.25,5.75,9.25,32
000011,0.25,5.75,9.5,4
000011,0.25,6.0,-15.0,1
000011,0.25,6.0,-14.75,10
000011,0.25,6.0,-7.0,1
000011,0.25,6.0,-6.75,8
000011,0.25,6.0,-6.5,2
000011,0.25,6.0,-6.25,5
000011,0.25,6.0,-6.0,5
000011,0.25,6.0,-5.75,7
000011,0.25,6.0,4.25,4
000011,0.25,6.0,4.5,10
000011,0.25,6.0,5.5,2
000011,0.25,6.0,8.75,9
000011,0.25,6.0,9.0,2
000011,0.25,6.0,9.25,26
000011,0.25,6.0,9.5,1
000011,0.25,6.25,-14.75,7
000011,0.25,6.25,-14.0,1
000011,0.25,6.25,-13.75,6
000011,0.25,6.25,-13.5,9
000011,0.25,6.25,-13.25,7
000011,0.25,6.25,-13.0,6
000011,0.25,6.25,-12.75,2
000011,0.25,6.25,-12.5,6
000011,0.25,6.25,-12.25,1
000011,0.25,6.25,-12.0,6
000011,0.25,6.25,-11.75,4
000011,0.25,6.25,-11.5,5
000011,0.25,6.25,-7.25,1
000011,0.25,6.25,-7.0,2
000011,0.25,6.25,-6.75,4
000011,0.25,6.25,-6.5,2
000011,0.25,6.25,-6.25,7
000011,0.25,6.25,-6.0,13
000011,0.25,6.25,-5.75,9
000011,0.25,6.25,-5.5,8
000011,0.25,6.25,4.5,1
000011,0.25,6.25,8.75,3
000011,0.25,6.25,9.0,4
000011,0.25,6.25,9.25,24
000011,0.25,6.25,9.75,1
000011,0.25,6.5,-14.75,12
000011,0.25,6.5,-14.5,1
000011,0.25,6.5,-13.75,1
000011,0.25,6.5,-13.5,2
000011,0.25,6.5,-13.25,1
000011,0.25,6.5,-13.0,1
000011,0.25,6.5,-12.75,1
000011,0.25,6.5,-11.75,4
000011,0.25,6.5,-7.25,2
000011,0.25,6.5,-7.0,6
000011,0.25,6.5,-6.75,2
000011,0.25,6.5,-6.5,9
000011,0.25,6.5,-6.25,3
000011,0.25,6.5,-6.0,2
000011,0.25,6.5,-5.75,7
000011,0.25,6.5,-5.5,4
000011,0.25,6.5,-2.5,5
000011,0.25,6.5,9.0,4
000011,0.25,6.5,9.25,34
000011,0.25,6.5,9.5,4
000011,0.25,6.75,-14.75,5
000011,0.25,6.75,-14.25,1
000011,0.25,6.75,-13.25,2
000011,0.25,6.75,-13.0,2
000011,0.25,6.75,-12.75,2
000011,0.25,6.75,-12.5,2
000011,0.25,6.75,-7.75,1
000011,0.25,6.75,-7.5,3
000011,0.25,6.75,-7.25,3
000011,0.25,6.75,-7.0,4
000011,0.25,6.75,-6.75,4
000011,0.25,6.75,-6.25,4
000011,0.25,6.75,-6.0,4
000011,0.25,6.75,-5.75,5
000011,0.25,6.75,-5.5,1
000011,0.25,6.75,-2.5,11
000011,0.25,6.75,9.0,2
000011,0.25,6.75,9.25,21
000011,0.25,6.75,9.5,1
000011,0.25,6.75,10.5,1
000011,0.25,6.75,10.75,2
000011,0.25,6.75,11.0,1
000011,0.25,7.0,-15.0,1
000011,0.25,7.0,-14.25,2
000011,0.25,7.0,-13.25,1
000011,0.25,7.0,-13.0,2
000011,0.25,7.0,-12.75,1
000011,0.25,7.0,-7.5,1
000011,0.25,7.0,-7.25,2
000011,0.25,7.0,-7.0,1
000011,0.25,7.0,-6.75,1
000011,0.25,7.0,-6.5,6
000011,0.25,7.0,-6.0,3
000011,0.25,7.0,-5.5,1
000011,0.25,7.0,-2.75,1
000011,0.25,7.0,8.75,1
000011,0.25,7.0,9.0,26
000011,0.25,7.0,9.25,19
000011,0.25,7.0,9.5,5
000011,0.25,7.0,11.0,1
000011,0.25,7.25,-13.0,1
000011,0.25,7.25,-8.25,1
000011,0.25,7.25,-8.0,1
000011,0.25,7.25,-7.5,1
000011,0.25,7.25,-6.75,3
000011,0.25,7.25,-6.5,1
000011,0.25,7.25,-6.25,2
000011,0.25,7.25,-6.0,1
000011,0.25,7.25,-5.75,3
000011,0.25,7.25,8.75,3
000011,0.25,7.25,9.0,19
000011,0.25,7.25,9.25,13
000011,0.25,7.25,9.5,3
000011,0.25,7.25,9.75,3
000011,0.25,7.25,10.0,1
000011,0.25,7.25,11.0,5
000011,0.25,7.25,11.25,2
000011,0.25,7.25,11.5,1
000011,0.25,7.25,12.0,2
000011,0.25,7.5,-8.5,3
000011,0.25,7.5,-8.25,1
000011,0.25,7.5,-7.0,3
000011,0.25,7.5,-6.5,2
000011,0.25,7.5,8.75,3
000011,0.25,7.5,9.0,12
000011,0.25,7.5,10.0,2
000011,0.25,7.5,10.25,12
000011,0.25,7.5,10.5,1
000011,0.25,7.5,11.25,4
000011,0.25,7.5,11.5,3
000011,0.25,7.5,11.75,3
000011,0.25,7.5,12.0,3
000011,0.25,7.5,12.25,2
000011,0.25,7.5,12.5,1
000011,0.25,7.75,-8.75,4
000011,0.25,7.75,-8.5,4
000011,0.25,7.75,-7.25,2
000011,0.25,7.75,-7.0,1
000011,0.25,7.75,-6.75,1
000011,0.25,7.75,8.75,2
000011,0.25,7.75,9.0,13
000011,0.25,7.75,10.25,1
000011,0.25,7.75,10.5,3
000011,0.25,7.75,11.25,3
000011,0.25,7.75,11.5,1
000011,0.25,7.75,12.0,1
000011,0.25,7.75,12.25,2
000011,0.25,7.75,12.5,1
000011,0.25,7.75,12.75,2
000011,0.25,8.0,-15.0,1
000011,0.25,8.0,-14.75,1
000011,0.25,8.0,-9.0,7
000011,0.25,8.0,-8.75,2
000011,0.25,8.0,-8.5,5
000011,0.25,8.0,-8.25,4
000011,0.25,8.0,-7.5,1
000011,0.25,8.0,-7.0,1
000011,0.25,8.0,-6.75,2
000011,0.25,8.0,-2.75,3
000011,0.25,8.0,-2.5,3
000011,0.25,8.0,8.75,4
000011,0.25,8.0,9.0,11
000011,0.25,8.25,-15.0,1
000011,0.25,8.25,-14.75,1
000011,0.25,8.25,-9.25,4
000011,0.25,8.25,-9.0,1
000011,0.25,8.25,-8.5,4
000011,0.25,8.25,-8.25,4
000011,0.25,8.25,-8.0,6
000011,0.25,8.25,-7.75,2
000011,0.25,8.25,-2.75,5
000011,0.25,8.25,9.0,2
000011,0.25,8.25,9.25,8
000011,0.25,8.5,-9.5,1
000011,0.25,8.5,-9.25,1
000011,0.25,8.5,-9.0,1
000011,0.25,8.5,-8.5,2
000011,0.25,8.5,-8.0,4
000011,0.25,8.5,9.25,14
000011,0.25,8.5,14.0,8
000011,0.25,8.5,14.25,1
000011,0.25,8.75,-9.75,1
000011,0.25,8.75,-9.5,3
000011,0.25,8.75,-8.75,1
000011,0.25,8.75,-8.25,1
000011,0.25,8.75,-7.5,2
000011,0.25,8.75,9.0,1
000011,0.25,8.75,9.25,19
000011,0.25,8.75,14.25,2
000011,0.25,8.75,14.5,1
000011,0.25,9.0,-9.25,1
000011,0.25,9.0,-9.0,2
000011,0.25,9.0,-8.75,1
000011,0.25,9.0,-7.5,1
000011,0.25,9.0,9.0,3
000011,0.25,9.0,9.25,20
000011,0.25,9.0,9.5,3
000011,0.25,9.25,-10.25,2
000011,0.25,9.25,-9.0,2
000011,0.25,9.25,-8.75,3
000011,0.25,9.25,-8.5,1
000011,0.25,9.25,9.25,13
000011,0.25,9.5,-10.5,8
000011,0.25,9.5,-10.25,1
000011,0.25,9.5,-3.25,5
000011,0.25,9.5,-3.0,3
000011,0.25,9.5,9.25,24
000011,0.25,9.75,-10.25,2
000011,0.25,9.75,-3.25,3
000011,0.25,9.75,9.25,19
000011,0.25,9.75,9.5,1
000011,0.25,10.0,9.25,30
000011,0.25,10.0,9.5,3
000011,0.25,10.0,9.75,1
000011,0.25,10.0,14.25,1
000011,0.25,10.0,14.5,1
000011,0.25,10.25,9.0,25
000011,0.25,10.25,9.25,26
000011,0.25,10.25,9.5,4
000011,0.25,10.25,9.75,14
000011,0.25,10.25,10.0,5
000011,0.25,10.25,11.0,6
000011,0.25,10.25,11.25,8
000011,0.25,10.25,11.5,4
000011,0.25,10.25,14.25,3
000011,0.25,10.5,8.75,18
000011,0.25,10.5,9.0,33
000011,0.25,10.5,11.0,1
000011,0.25,10.5,11.25,1
000011,0.25,10.5,14.25,3
000011,0.25,10.5,14.5,2
000011,0.25,10.75,-4.0,9
000011,0.25,10.75,8.75,2
000011,0.25,10.75,9.0,16
000011,0.25,11.0,-4.0,4
000011,0.25,11.0,6.5,20
000011,0.25,11.0,8.75,5
000011,0.25,11.0,9.0,33
000011,0.25,11.25,6.5,1
000011,0.25,11.25,8.75,6
000011,0.25,11.25,9.0,28
000011,0.25,11.5,-5.0,1
000011,0.25,11.5,8.75,13
000011,0.25,11.5,9.0,16
000011,0.25,11.75,-5.25,1
000011,0.25,11.75,-5.0,6
000011,0.25,11.75,8.75,16
000011,0.25,11.75,9.0,15
000011,0.25,11.75,9.25,8
000011,0.25,12.0,-6.25,1
000011,0.25,12.0,-5.25,1
000011,0.25,12.0,8.75,8
000011,0.25,12.0,9.0,13
000011,0.25,12.0,9.25,8
000011,0.25,12.25,-10.75,1
000011,0.25,12.25,-6.5,10
000011,0.25,12.25,-6.25,1
000011,0.25,12.25,-5.5,2
000011,0.25,12.25,-5.25,6
000011,0.25,12.25,8.75,12
000011,0.25,12.25,9.0,10
000011,0.25,12.25,9.25,9
000011,0.25,12.5,-13.75,1
000011,0.25,12.5,-12.5,2
000011,0.25,12.5,-12.25,1
000011,0.25,12.5,-11.0,5
000011,0.25,12.5,-9.5,6
000011,0.25,12.5,-8.0,8
000011,0.25,12.5,-7.75,9
000011,0.25,12.5,-6.5,2
000011,0.25,12.5,-5.5,1
000011,0.25,12.5,-5.25,23
000011,0.25,12.5,-5.0,14
000011,0.25,12.5,-4.75,3
000011,0.25,12.5,8.75,16
000011,0.25,12.5,9.0,24
000011,0.25,12.5,9.25,11
000011,0.25,12.75,-14.0,1
000011,0.25,12.75,-13.75,1
000011,0.25,12.75,-12.5,2
000011,0.25,12.75,-11.0,6
000011,0.25,12.75,-8.0,2
000011,0.25,12.75,-5.5,3
000011,0.25,12.75,-5.25,6
000011,0.25,12.75,-5.0,13
000011,0.25,12.75,8.5,25
000011,0.25,12.75,8.75,18
000011,0.25,12.75,9.0,26
000011,0.25,13.0,-5.5,1
000011,0.25,13.0,-5.25,1
000011,0.25,13.0,-5.0,1
000011,0.25,13.0,8.25,3
000011,0.25,13.0,8.5,10
000011,0.25,13.0,8.75,1
000011,0.25,13.0,9.0,24
000011,0.25,13.25,-5.75,2
000011,0.25,13.25,-5.5,1
000011,0.25,13.25,8.25,5
000011,0.25,13.25,8.5,16
000011,0.25,13.25,9.0,16
000011,0.25,13.5,-6.0,2
000011,0.25,13.5,-5.75,4
000011,0.25,13.5,-5.5,1
000011,0.25,13.5,-5.25,1
000011,0.25,13.5,8.25,4
000011,0.25,13.5,8.5,11
000011,0.25,13.5,9.0,16
000011,0.25,13.75,-6.0,1
000011,0.25,13.75,-5.5,2
000011,0.25,13.75,8.5,1
000011,0.25,13.75,9.0,14
000011,0.25,14.0,9.0,10
000011,0.25,14.0,9.25,1
000011,0.25,14.25,8.75,2
000011,0.25,14.25,9.0,6
000011,0.25,14.25,9.25,8
000011,0.25,14.5,8.75,5
000011,0.25,14.5,9.0,12
000011,0.25,14.5,9.25,8
000011,0.25,14.75,8.5,2
000011,0.25,14.75,8.75,7
000011,0.25,14.75,9.0,20
000011,0.25,14.75,9.25,10
000011,0.25,15.0,8.5,3
000011,0.25,15.0,8.75,9
000011,0.25,15.0,9.0,26
000011,0.25,15.0,9.25,4
000011,0.25,15.25,8.75,9
000011,0.25,15.25,9.0,5
000011,0.25,15.5,8.5,3
000011,0.25,15.5,8.75,6
000011,0.25,15.5,9.0,22
000011,0.25,15.75,8.75,12
000011,0.25,15.75,9.0,17
000011,0.25,16.0,7.5,1
000011,0.25,16.0,7.75,16
000011,0.25,16.0,8.0,5
000011,0.25,16.0,8.5,2
000011,0.25,16.0,8.75,7
000011,0.25,16.0,9.0,18
000011,0.25,16.25,7.5,3
000011,0.25,16.25,7.75,10
000011,0.25,16.25,8.0,6
000011,0.25,16.25,8.25,1
000011,0.25,16.25,8.75,12
000011,0.25,16.25,9.0,26
000011,0.25,16.5,7.75,2
000011,0.25,16.5,8.75,4
000011,0.25,16.5,9.0,23
000011,0.25,16.75,8.75,1
000011,0.25,16.75,9.0,6
000011,0.25,16.75,9.25,1
000011,0.25,17.0,8.75,1
000011,0.25,17.0,9.0,1
000011,0.25,17.0,9.25,4
000011,0.25,17.25,8.75,2
000011,0.25,17.25,9.25,9
000011,0.25,17.5,8.75,2
000011,0.25,17.5,9.25,22
000011,0.25,17.5,9.5,2
000011,0.25,17.75,8.75,1
000011,0.25,17.75,9.25,32
000011,0.25,17.75,9.5,1
000011,0.25,18.0,9.0,20
000011,0.25,18.0,9.25,39
000011,0.25,18.25,9.0,12
000011,0.25,18.5,8.25,1
000011,0.25,18.5,8.5,8
000011,0.25,18.5,8.75,1
000011,0.25,18.5,9.0,15
000011,0.25,18.75,8.5,2
000011,0.25,18.75,8.75,3
000011,0.25,18.75,9.0,17
000011,0.25,19.0,8.5,2
000011,0.25,19.0,8.75,6
000011,0.25,19.0,9.0,17
000011,0.25,19.0,9.25,2
000011,0.25,19.25,8.5,1
000011,0.25,19.25,8.75,7
000011,0.25,19.25,9.0,21
000011,0.25,19.5,8.75,3
000011,0.25,19.5,9.0,23
000011,0.25,19.5,9.25,2
000011,0.25,19.75,-15.0,4
000011,0.25,19.75,-14.75,2
000011,0.25,19.75,-13.5,4
000011,0.25,19.75,-12.0,5
000011,0.25,19.75,-11.75,3
000011,0.25,19.75,-10.5,7
000011,0.25,19.75,-9.5,1
000011,0.25,19.75,-9.25,1
000011,0.25,19.75,-7.75,2
000011,0.25,19.75,-7.5,1
000011,0.25,19.75,8.0,1
000011,0.25,19.75,8.25,2
000011,0.25,19.75,8.75,3
000011,0.25,19.75,9.0,10
000011,0.25,19.75,9.25,1
000011,0.25,20.0,-10.5,2
000011,0.25,20.0,-9.75,1
000011,0.25,20.0,-9.5,1
000011,0.25,20.0,-9.0,2
000011,0.25,20.0,-8.75,1
000011,0.25,20.0,-7.5,1
000011,0.25,20.0,-7.25,3
000011,0.25,20.0,8.25,3
000011,0.25,20.0,8.5,3
000011,0.25,20.0,8.75,1
000011,0.25,20.0,9.0,10
000011,0.25,20.0,9.25,2
000011,0.25,20.25,-9.0,1
000011,0.25,20.25,-8.75,1
000011,0.25,20.25,-7.0,2
000011,0.25,20.25,8.25,3
000011,0.25,20.25,8.5,2
000011,0.25,20.25,8.75,2
000011,0.25,20.25,9.0,13
000011,0.25,20.25,9.25,2
000011,0.25,20.5,-8.25,12
000011,0.25,20.5,-8.0,3
000011,0.25,20.5,-6.75,1
000011,0.25,20.5,8.5,1
000011,0.25,20.5,9.0,16
000011,0.25,20.5,9.5,1
000011,0.25,20.75,-8.25,2
000011,0.25,20.75,-8.0,1
000011,0.25,20.75,-7.75,3
000011,0.25,20.75,-6.0,2
000011,0.25,20.75,-5.75,7
000011,0.25,20.75,8.5,3
000011,0.25,20.75,8.75,1
000011,0.25,20.75,9.0,14
000011,0.25,20.75,9.25,4
000011,0.25,20.75,9.5,4
000011,0.25,21.0,-8.25,1
000011,0.25,21.0,-7.5,1
000011,0.25,21.0,-7.25,2
000011,0.25,21.0,-5.75,2
000011,0.25,21.0,8.5,2
000011,0.25,21.0,8.75,2
000011,0.25,21.0,9.0,21
000011,0.25,21.0,9.25,13
000011,0.25,21.0,9.5,10
000011,0.25,21.25,-7.25,2
000011,0.25,21.25,8.5,1
000011,0.25,21.25,9.0,18
000011,0.25,21.25,9.25,3
000011,0.25,21.5,-7.25,1
000011,0.25,21.5,-7.0,1
000011,0.25,21.5,8.5,1
000011,0.25,21.5,8.75,1
000011,0.25,21.5,9.0,18
000011,0.25,21.5,9.25,2
000011,0.25,21.75,-7.0,1
000011,0.25,21.75,8.5,3
000011,0.25,21.75,8.75,2
000011,0.25,21.75,9.0,14
000011,0.25,21.75,9.25,3
000011,0.25,22.0,-7.0,1
000011,0.25,22.0,-6.75,2
000011,0.25,22.0,8.5,1
000011,0.25,22.0,8.75,3
000011,0.25,22.0,9.0,20
000011,0.25,22.25,-10.0,5
000011,0.25,22.25,-9.75,13
000011,0.25,22.25,-9.5,12
000011,0.25,22.25,-9.25,5
000011,0.25,22.25,-6.5,2
000011,0.25,22.25,8.5,1
000011,0.25,22.25,8.75,4
000011,0.25,22.25,9.0,10
000011,0.25,22.25,9.25,1
000011,0.25,22.5,-9.75,2
000011,0.25,22.5,-9.5,2
000011,0.25,22.5,-8.5,1
000011,0.25,22.5,-8.25,1
000011,0.25,22.5,8.75,8
000011,0.25,22.5,9.0,6
000011,0.25,22.75,-10.0,1
000011,0.25,22.75,-9.75,1
000011,0.25,22.75,-9.5,2
000011,0.25,22.75,-9.25,1
000011,0.25,22.75,-8.5,4
000011,0.25,22.75,-8.25,30
000011,0.25,22.75,-8.0,4
000011,0.25,22.75,-7.25,1
000011,0.25,22.75,-6.0,1
000011,0.25,22.75,8.5,1
000011,0.25,22.75,8.75,1
000011,0.25,22.75,9.0,5
000011,0.25,23.0,-10.25,4
000011,0.25,23.0,-10.0,11
000011,0.25,23.0,-9.75,10
000011,0.25,23.0,-9.5,3
000011,0.25,23.0,-9.0,14
000011,0.25,23.0,-8.75,27
000011,0.25,23.0,-8.5,12
000011,0.25,23.0,-8.25,13
000011,0.25,23.0,-8.0,32
000011,0.25,23.0,-7.75,22
000011,0.25,23.0,-7.5,30
000011,0.25,23.0,-7.25,28
000011,0.25,23.0,-7.0,21
000011,0.25,23.0,-6.75,28
000011,0.25,23.0,-6.5,32
000011,0.25,23.0,-6.25,2
000011,0.25,23.0,-6.0,1
000011,0.25,23.0,-4.5,1
000011,0.25,23.0,-4.25,2
000011,0.25,23.0,8.5,2
000011,0.25,23.0,8.75,3
000011,0.25,23.0,9.0,7
000011,0.25,23.0,9.25,3
000011,0.25,23.0,9.5,1
000011,0.25,23.25,-10.0,2
000011,0.25,23.25,-9.0,2
000011,0.25,23.25,-8.0,1
000011,0.25,23.25,-7.5,5
000011,0.25,23.25,-6.75,1
000011,0.25,23.25,-6.5,7
000011,0.25,23.25,-6.25,2
000011,0.25,23.25,-4.5,4
000011,0.25,23.25,-4.25,1
000011,0.25,23.25,8.75,1
000011,0.25,23.25,9.0,13
000011,0.25,23.25,9.25,15
000011,0.25,23.25,9.5,11
000011,0.25,23.5,-6.5,1
000011,0.25,23.5,8.75,2
000011,0.25,23.5,9.0,9
000011,0.25,23.5,9.25,2
000011,0.25,23.75,-6.5,11
000011,0.25,23.75,-6.25,2
000011,0.25,23.75,8.75,1
000011,0.25,23.75,9.0,15
000011,0.25,23.75,9.25,6
000011,0.25,24.0,-6.5,16
000011,0.25,24.0,-6.25,1
000011,0.25,24.0,9.0,9
000011,0.25,24.0,9.25,1
000011,0.25,24.25,-10.5,1
000011,0.25,24.25,-6.5,7
000011,0.25,24.25,-6.25,4
000011,0.25,24.25,9.0,17
000011,0.25,24.25,9.25,5
000011,0.25,24.5,-6.5,5
000011,0.25,24.5,-6.25,6
000011,0.25,24.5,9.0,4
000011,0.25,24.5,9.25,1
000011,0.25,24.75,-6.5,6
000011,0.25,24.75,-6.25,6
000011,0.25,24.75,9.0,1
000011,0.25,25.0,-6.5,4
000011,0.25,25.0,-6.25,1
000011,0.25,25.0,-6.0,2
000011,0.25,25.0,4.25,6
000011,0.25,25.0,4.5,7
000011,0.25,25.0,4.75,10
000011,0.25,25.0,5.0,7
000011,0.25,25.0,5.25,8
000011,0.25,25.0,5.5,3
000011,0.25,25.0,9.0,1
000011,0.25,25.0,9.25,1
000011,0.25,25.25,-6.5,5
000011,0.25,25.25,4.0,1
000011,0.25,25.25,4.25,2
000011,0.25,25.25,4.5,2
000011,0.25,25.25,4.75,1
000011,0.25,25.25,5.0,3
000011,0.25,25.25,5.25,1
000011,0.25,25.25,5.5,2
000011,0.25,25.25,9.0,1
000011,0.25,25.25,9.25,5
000011,0.25,25.25,9.5,1
000011,0.25,25.5,-6.5,9
000011,0.25,25.5,4.0,3
000011,0.25,25.5,4.25,4
000011,0.25,25.5,4.5,3
000011,0.25,25.5,5.25,2
000011,0.25,25.5,5.5,5
000011,0.25,25.5,9.0,2
000011,0.25,25.5,9.25,2
000011,0.25,25.5,9.5,6
000011,0.25,25.75,-6.5,14
000011,0.25,25.75,-6.25,5
000011,0.25,25.75,4.0,2
000011,0.25,25.75,4.25,1
000011,0.25,25.75,9.0,12
000011,0.25,25.75,9.25,36
000011,0.25,25.75,9.5,5
000011,0.25,26.0,-6.5,2
000011,0.25,26.0,4.0,3
000011,0.25,26.0,5.5,2
000011,0.25,26.0,9.0,11
000011,0.25,26.0,9.25,1
000011,0.25,26.0,9.5,1
000011,0.25,26.25,-6.5,2
000011,0.25,26.25,-6.25,4
000011,0.25,26.25,-6.0,4
000011,0.25,26.25,-5.75,3
000011,0.25,26.25,4.0,5
000011,0.25,26.25,4.25,3
000011,0.25,26.25,5.5,1
000011,0.25,26.25,5.75,2
000011,0.25,26.25,8.75,1
000011,0.25,26.25,9.0,8
000011,0.25,26.25,9.25,3
000011,0.25,26.5,-6.5,20
000011,0.25,26.5,-6.25,4
000011,0.25,26.5,-6.0,6
000011,0.25,26.5,-5.75,3
000011,0.25,26.5,-4.25,6
000011,0.25,26.5,4.0,2
000011,0.25,26.5,4.25,3
000011,0.25,26.5,4.5,2
000011,0.25,26.5,4.75,2
000011,0.25,26.5,5.0,1
000011,0.25,26.5,5.25,2
000011,0.25,26.5,5.5,2
000011,0.25,26.5,8.75,4
000011,0.25,26.5,9.0,6
000011,0.25,26.5,9.25,3
000011,0.25,26.75,-6.5,5
000011,0.25,26.75,-6.25,15
000011,0.25,26.75,-6.0,1
000011,0.25,26.75,-5.75,4
000011,0.25,26.75,-5.5,1
000011,0.25,26.75,4.0,2
000011,0.25,26.75,4.25,1
000011,0.25,26.75,9.0,10
000011,0.25,26.75,9.25,1
000011,0.25,27.0,-6.25,5
000011,0.25,27.0,-6.0,3
000011,0.25,27.0,-5.75,2
000011,0.25,27.0,4.0,1
000011,0.25,27.0,4.25,1
000011,0.25,27.0,4.5,2
000011,0.25,27.0,4.75,2
000011,0.25,27.0,5.0,1
000011,0.25,27.0,5.25,2
000011,0.25,27.0,5.5,2
000011,0.25,27.0,8.75,4
000011,0.25,27.0,9.0,6
000011,0.25,27.0,9.25,4
000011,0.25,27.0,9.5,1
000011,0.25,27.25,-6.25,1
000011,0.25,27.25,-6.0,2
000011,0.25,27.25,4.0,1
000011,0.25,27.25,4.25,2
000011,0.25,27.25,4.5,1
000011,0.25,27.25,8.75,3
000011,0.25,27.25,9.0,1
000011,0.25,27.25,9.25,15
000011,0.25,27.25,9.5,6
000011,0.25,27.5,-6.0,3
000011,0.25,27.5,-5.75,1
000011,0.25,27.5,4.0,1
000011,0.25,27.5,4.25,1
000011,0.25,27.5,8.75,2
000011,0.25,27.5,9.0,5
000011,0.25,27.5,9.25,5
000011,0.25,27.75,-5.75,2
000011,0.25,27.75,4.0,1
000011,0.25,27.75,4.25,3
000011,0.25,27.75,8.75,4
000011,0.25,27.75,9.0,3
000011,0.25,27.75,9.25,8
000011,0.25,28.0,-5.75,1
000011,0.25,28.0,-5.5,1
000011,0.25,28.0,4.0,2
000011,0.25,28.0,4.25,1
000011,0.25,28.0,8.5,2
000011,0.25,28.0,8.75,7
000011,0.25,28.0,9.0,1
000011,0.25,28.0,9.25,8
000011,0.25,28.25,-6.75,1
000011,0.25,28.25,-6.5,4
000011,0.25,28.25,-5.75,1
000011,0.25,28.25,4.0,1
000011,0.25,28.25,4.25,1
000011,0.25,28.25,8.75,1
000011,0.25,28.25,9.0,3
000011,0.25,28.25,9.25,9
000011,0.25,28.5,-6.5,1
000011,0.25,28.5,4.25,3
000011,0.25,28.5,8.75,2
000011,0.25,28.5,9.0,6
000011,0.25,28.5,9.25,9
000011,0.25,28.75,8.75,2
000011,0.25,28.75,9.0,3
000011,0.25,28.75,9.25,2
000011,0.25,29.0,4.5,1
000011,0.25,29.0,8.5,1
000011,0.25,29.0,8.75,1
000011,0.25,29.0,9.0,2
000011,0.25,29.0,9.25,2
000011,0.25,29.25,-4.75,1
000011,0.25,29.25,-4.5,7
000011,0.25,29.25,-4.25,1
000011,0.25,29.25,4.25,2
000011,0.25,29.25,4.5,1
000011,0.25,29.25,9.0,4
000011,0.25,29.25,9.25,1
000011,0.25,29.5,-4.5,1
000011,0.25,29.5,-4.25,5
000011,0.25,29.5,4.25,3
000011,0.25,29.5,9.0,4
000011,0.25,29.5,9.25,2
000011,0.25,29.75,9.0,2
000011,0.25,29.75,9.25,5
000011,0.25,29.75,9.5,4
000011,0.25,30.0,9.0,2
000011,0.25,30.0,9.25,15
000011,0.25,30.0,9.5,3
000011,0.25,30.25,9.0,5
000011,0.25,30.25,9.25,5
000011,0.25,30.5,9.0,4
000011,0.25,30.5,9.25,7
000011,0.25,30.75,8.5,2
000011,0.25,30.75,9.0,2
000011,0.25,30.75,9.25,8
000011,0.25,31.0,-6.5,1
000011,0.25,31.0,-4.25,7
000011,0.25,31.0,-4.0,5
000011,0.25,31.0,-3.75,2
000011,0.25,31.0,8.5,1
000011,0.25,31.0,8.75,1
000011,0.25,31.0,9.0,5
000011,0.25,31.0,9.25,9
000011,0.25,31.25,-6.5,7
000011,0.25,31.25,-6.25,2
000011,0.25,31.25,-4.25,2
000011,0.25,31.25,-4.0,4
000011,0.25,31.25,-3.75,1
000011,0.25,31.25,8.75,2
000011,0.25,31.25,9.0,3
000011,0.25,31.25,9.25,6
000011,0.25,31.5,-6.5,2
000011,0.25,31.5,-6.25,1
000011,0.25,31.5,-4.0,2
000011,0.25,31.5,8.5,2
000011,0.25,31.5,8.75,2
000011,0.25,31.5,9.0,5
000011,0.25,31.5,9.25,5
000011,0.25,31.75,-6.5,1
000011,0.25,31.75,8.5,2
000011,0.25,31.75,8.75,1
000011,0.25,31.75,9.25,10
000011,0.25,32.0,-6.25,1
000011,0.25,32.0,8.5,1
000011,0.25,32.0,9.0,1
000011,0.25,32.0,9.25,7
000011,0.25,32.25,-6.5,1
000011,0.25,32.25,-6.25,1
000011,0.25,32.25,8.5,1
000011,0.25,32.25,9.0,1
000011,0.25,32.5,-6.5,5
000011,0.25,32.5,-6.25,3
000011,0.25,32.5,9.0,1
000011,0.25,32.75,-6.5,2
000011,0.25,32.75,-6.25,1
000011,0.25,33.0,-6.5,1
000011,0.25,33.0,9.0,1
000011,0.25,33.0,9.25,2
000011,0.25,33.25,9.0,1
000011,0.25,33.25,9.25,17
000011,0.25,33.25,9.5,8
000011,0.25,33.5,-7.25,1
000011,0.25,33.5,-7.0,1
000011,0.25,33.5,9.0,1
000011,0.25,33.5,9.25,7
000011,0.25,33.5,9.5,2
000011,0.25,33.75,-6.75,2
000011,0.25,33.75,9.0,1
000011,0.25,33.75,9.25,3
000011,0.25,34.0,-2.5,1
000011,0.25,34.0,-2.25,3
000011,0.25,34.0,-2.0,6
000011,0.25,34.0,9.0,1
000011,0.25,34.0,9.25,7
000011,0.25,34.25,-6.25,2
000011,0.25,34.25,-2.75,1
000011,0.25,34.25,-2.5,5
000011,0.25,34.25,-2.25,8
000011,0.25,34.25,-2.0,3
000011,0.25,34.25,8.75,1
000011,0.25,34.25,9.0,9
000011,0.25,34.25,9.25,8
000011,0.25,34.5,-7.25,1
000011,0.25,34.5,-7.0,2
000011,0.25,34.5,-6.0,2
000011,0.25,34.5,-2.0,1
000011,0.25,34.5,9.0,10
000011,0.25,34.5,9.25,6
000011,0.25,34.75,-7.75,4
000011,0.25,34.75,-7.5,7
000011,0.25,34.75,-7.25,2
000011,0.25,34.75,-6.0,2
000011,0.25,34.75,-5.75,2
000011,0.25,34.75,8.75,2
000011,0.25,34.75,9.0,5
000011,0.25,35.0,-7.5,3
000011,0.25,35.0,-5.75,2
000011,0.25,35.0,8.75,1
000011,0.25,35.0,9.0,9
000011,0.25,35.25,9.0,8
000011,0.25,35.5,-4.25,1
000011,0.25,35.5,8.75,1
000011,0.25,35.75,-4.25,4
000011,0.25,35.75,9.0,2
000011,0.25,36.0,9.0,2
000011,0.25,36.25,9.0,2
000011,0.25,36.5,6.75,3
000011,0.25,36.5,9.0,4
000011,0.25,36.5,9.25,4
000011,0.25,36.75,6.75,3
000011,0.25,36.75,9.0,6
000011,0.25,36.75,9.25,12
000011,0.25,36.75,9.5,2
000011,0.25,37.0,9.0,6
000011,0.25,37.0,9.25,3
000011,0.25,37.0,9.5,1
000011,0.25,37.25,-4.25,2
000011,0.25,37.25,9.0,6
000011,0.25,37.25,9.25,1
000011,0.25,37.5,9.0,5
000011,0.25,37.75,5.5,1
000011,0.25,37.75,9.0,1
000011,0.25,38.0,5.25,3
000011,0.25,38.0,5.5,6
000011,0.25,38.0,5.75,6
000011,0.25,38.0,6.0,1
000011,0.25,38.0,9.0,1
000011,0.25,38.25,5.5,1
000011,0.25,38.25,5.75,1
000011,0.25,38.5,4.75,2
000011,0.25,38.75,4.75,2
000011,0.25,39.25,9.0,1
000011,0.25,39.25,9.25,3
000011,0.25,39.25,9.5,1
000011,0.25,39.5,9.0,4
000011,0.25,39.5,9.25,7
000011,0.25,39.5,9.5,3
